Date,Server,X-Powered-By,Set-Cookie,Cache-Control,Vary,Content-Type,status,statusMessage
"Wed, 04 Oct 2023 01:09:27 GMT","Apache/2.2.22 (Debian)","PHP/5.4.45-0+deb7u13","OJSSID=q78aun485opc92891ps0omsr70; path=/; domain=erevistas.saber.ula.ve","no-store","Accept-Encoding","text/html; charset=utf-8","200","OK"
"Wed, 04 Oct 2023 02:23:49 GMT","Apache/2.2.22 (Debian)","PHP/5.4.45-0+deb7u13","OJSSID=lnm64d5lgpanophhuc6o4laap7; path=/; domain=erevistas.saber.ula.ve","no-store","Accept-Encoding","text/html; charset=utf-8","200","OK"
"Wed, 04 Oct 2023 03:17:39 GMT","Apache/2.2.22 (Debian)","PHP/5.4.45-0+deb7u13","OJSSID=2mg58eust8uqrf3ktltblq42k6; path=/; domain=erevistas.saber.ula.ve","no-store","Accept-Encoding","text/html; charset=utf-8","200","OK"
"Wed, 04 Oct 2023 04:19:09 GMT","Apache/2.2.22 (Debian)","PHP/5.4.45-0+deb7u13","OJSSID=ssoqdl40la1hl3r15d7drbjk66; path=/; domain=erevistas.saber.ula.ve","no-store","Accept-Encoding","text/html; charset=utf-8","200","OK"
"Wed, 04 Oct 2023 05:16:01 GMT","Apache/2.2.22 (Debian)","PHP/5.4.45-0+deb7u13","OJSSID=ubcet4uplpa7maaq4ndgcue0r2; path=/; domain=erevistas.saber.ula.ve","no-store","Accept-Encoding","text/html; charset=utf-8","200","OK"
"Wed, 04 Oct 2023 06:21:43 GMT","Apache/2.2.22 (Debian)","PHP/5.4.45-0+deb7u13","OJSSID=mo3nm2rrsu1cep880664h2daj1; path=/; domain=erevistas.saber.ula.ve","no-store","Accept-Encoding","text/html; charset=utf-8","200","OK"
FALSE,FALSE,FALSE,FALSE,FALSE,FALSE,FALSE,FALSE,FALSE
FALSE,FALSE,FALSE,FALSE,FALSE,FALSE,FALSE,FALSE,FALSE
FALSE,FALSE,FALSE,FALSE,FALSE,FALSE,FALSE,FALSE,FALSE
FALSE,FALSE,FALSE,FALSE,FALSE,FALSE,FALSE,FALSE,FALSE
"Wed, 04 Oct 2023 11:13:47 GMT","Apache/2.2.22 (Debian)","PHP/5.4.45-0+deb7u13","OJSSID=rv6s24503skp0t179kc3bte7a5; path=/; domain=erevistas.saber.ula.ve","no-store","Accept-Encoding","text/html; charset=utf-8","200","OK"
"Wed, 04 Oct 2023 12:32:57 GMT","Apache/2.2.22 (Debian)","PHP/5.4.45-0+deb7u13","OJSSID=1va87v4rr0hmt2lmkitrrnapu3; path=/; domain=erevistas.saber.ula.ve","no-store","Accept-Encoding","text/html; charset=utf-8","200","OK"
"Wed, 04 Oct 2023 13:22:42 GMT","Apache/2.2.22 (Debian)","PHP/5.4.45-0+deb7u13","OJSSID=uke8sdo7v484ofd7af4tt890l4; path=/; domain=erevistas.saber.ula.ve","no-store","Accept-Encoding","text/html; charset=utf-8","200","OK"
"Wed, 04 Oct 2023 14:16:20 GMT","Apache/2.2.22 (Debian)","PHP/5.4.45-0+deb7u13","OJSSID=hsvnq4tib00d0lh8ndcl6h3a87; path=/; domain=erevistas.saber.ula.ve","no-store","Accept-Encoding","text/html; charset=utf-8","200","OK"
"Wed, 04 Oct 2023 15:18:34 GMT","Apache/2.2.22 (Debian)","PHP/5.4.45-0+deb7u13","OJSSID=e51t7bnjhkafk7pd715rqimac7; path=/; domain=erevistas.saber.ula.ve","no-store","Accept-Encoding","text/html; charset=utf-8","200","OK"
"Wed, 04 Oct 2023 16:21:53 GMT","Apache/2.2.22 (Debian)","PHP/5.4.45-0+deb7u13","OJSSID=h2kquthkv2v2t30enpkfq99392; path=/; domain=erevistas.saber.ula.ve","no-store","Accept-Encoding","text/html; charset=utf-8","200","OK"
"Wed, 04 Oct 2023 17:14:53 GMT","Apache/2.2.22 (Debian)","PHP/5.4.45-0+deb7u13","OJSSID=26a1015r6itfmp1sild70j1gp6; path=/; domain=erevistas.saber.ula.ve","no-store","Accept-Encoding","text/html; charset=utf-8","200","OK"
"Wed, 04 Oct 2023 18:21:32 GMT","Apache/2.2.22 (Debian)","PHP/5.4.45-0+deb7u13","OJSSID=ak04fvmshammvps3r19jcf64h6; path=/; domain=erevistas.saber.ula.ve","no-store","Accept-Encoding","text/html; charset=utf-8","200","OK"
"Wed, 04 Oct 2023 19:13:57 GMT","Apache/2.2.22 (Debian)","PHP/5.4.45-0+deb7u13","OJSSID=hjmjg32lb9vpi65c0lrv08hba1; path=/; domain=erevistas.saber.ula.ve","no-store","Accept-Encoding","text/html; charset=utf-8","200","OK"
"Wed, 04 Oct 2023 20:17:37 GMT","Apache/2.2.22 (Debian)","PHP/5.4.45-0+deb7u13","OJSSID=liu3nv993u8mdr2usjgrakj216; path=/; domain=erevistas.saber.ula.ve","no-store","Accept-Encoding","text/html; charset=utf-8","200","OK"
"Wed, 04 Oct 2023 21:16:21 GMT","Apache/2.2.22 (Debian)","PHP/5.4.45-0+deb7u13","OJSSID=r1oogr6kdejpperp14kl84l531; path=/; domain=erevistas.saber.ula.ve","no-store","Accept-Encoding","text/html; charset=utf-8","200","OK"
"Wed, 04 Oct 2023 22:16:03 GMT","Apache/2.2.22 (Debian)","PHP/5.4.45-0+deb7u13","OJSSID=mk74fo7fsg64lb9qe2shv9k7s7; path=/; domain=erevistas.saber.ula.ve","no-store","Accept-Encoding","text/html; charset=utf-8","200","OK"
"Wed, 04 Oct 2023 23:16:59 GMT","Apache/2.2.22 (Debian)","PHP/5.4.45-0+deb7u13","OJSSID=1fbcn29i8rmet6djj4bn6eabn6; path=/; domain=erevistas.saber.ula.ve","no-store","Accept-Encoding","text/html; charset=utf-8","200","OK"
"Thu, 05 Oct 2023 01:07:51 GMT","Apache/2.2.22 (Debian)","PHP/5.4.45-0+deb7u13","OJSSID=espldk3s078cchc7a2b6amdhi4; path=/; domain=erevistas.saber.ula.ve","no-store","Accept-Encoding","text/html; charset=utf-8","200","OK"
"Thu, 05 Oct 2023 02:25:06 GMT","Apache/2.2.22 (Debian)","PHP/5.4.45-0+deb7u13","OJSSID=804n2gqgvec6e1opomcd3n28o7; path=/; domain=erevistas.saber.ula.ve","no-store","Accept-Encoding","text/html; charset=utf-8","200","OK"
FALSE,FALSE,FALSE,FALSE,FALSE,FALSE,FALSE,FALSE,FALSE
FALSE,FALSE,FALSE,FALSE,FALSE,FALSE,FALSE,FALSE,FALSE
FALSE,FALSE,FALSE,FALSE,FALSE,FALSE,FALSE,FALSE,FALSE
"Thu, 05 Oct 2023 06:21:25 GMT","Apache/2.2.22 (Debian)","PHP/5.4.45-0+deb7u13","OJSSID=2uoje0ik7tlf5avrl8rago8o95; path=/; domain=erevistas.saber.ula.ve","no-store","Accept-Encoding","text/html; charset=utf-8","200","OK"
"Thu, 05 Oct 2023 07:15:22 GMT","Apache/2.2.22 (Debian)","PHP/5.4.45-0+deb7u13","OJSSID=kfu0gkbf3fp40staemja7qjkv2; path=/; domain=erevistas.saber.ula.ve","no-store","Accept-Encoding","text/html; charset=utf-8","200","OK"
"Thu, 05 Oct 2023 08:21:17 GMT","Apache/2.2.22 (Debian)","PHP/5.4.45-0+deb7u13","OJSSID=mr84eijms1evkfjl1ac5o5kts0; path=/; domain=erevistas.saber.ula.ve","no-store","Accept-Encoding","text/html; charset=utf-8","200","OK"
"Thu, 05 Oct 2023 09:17:13 GMT","Apache/2.2.22 (Debian)","PHP/5.4.45-0+deb7u13","OJSSID=oartqpuq4dubf18r1nsmmaafg0; path=/; domain=erevistas.saber.ula.ve","no-store","Accept-Encoding","text/html; charset=utf-8","200","OK"
"Thu, 05 Oct 2023 10:18:20 GMT","Apache/2.2.22 (Debian)","PHP/5.4.45-0+deb7u13","OJSSID=1e7419741rqf947qis9ab5avf3; path=/; domain=erevistas.saber.ula.ve","no-store","Accept-Encoding","text/html; charset=utf-8","200","OK"
"Thu, 05 Oct 2023 11:14:04 GMT","Apache/2.2.22 (Debian)","PHP/5.4.45-0+deb7u13","OJSSID=j7e7pv7l2q5f7rrrs2197puc43; path=/; domain=erevistas.saber.ula.ve","no-store","Accept-Encoding","text/html; charset=utf-8","200","OK"
"Thu, 05 Oct 2023 12:34:12 GMT","Apache/2.2.22 (Debian)","PHP/5.4.45-0+deb7u13","OJSSID=2sbg6sncn0v9ktffcep716b2q0; path=/; domain=erevistas.saber.ula.ve","no-store","Accept-Encoding","text/html; charset=utf-8","200","OK"
"Thu, 05 Oct 2023 13:20:17 GMT","Apache/2.2.22 (Debian)","PHP/5.4.45-0+deb7u13","OJSSID=02q6t3ip38ib2onhtt8fa88k62; path=/; domain=erevistas.saber.ula.ve","no-store","Accept-Encoding","text/html; charset=utf-8","200","OK"
"Thu, 05 Oct 2023 14:15:46 GMT","Apache/2.2.22 (Debian)","PHP/5.4.45-0+deb7u13","OJSSID=0vmik4t5529hiquoo04a06bk95; path=/; domain=erevistas.saber.ula.ve","no-store","Accept-Encoding","text/html; charset=utf-8","200","OK"
FALSE,FALSE,FALSE,FALSE,FALSE,FALSE,FALSE,FALSE,FALSE
"Thu, 05 Oct 2023 16:22:00 GMT","Apache/2.2.22 (Debian)","PHP/5.4.45-0+deb7u13","OJSSID=onc67c6ofg4gn62r8ukp7e7bv5; path=/; domain=erevistas.saber.ula.ve","no-store","Accept-Encoding","text/html; charset=utf-8","200","OK"
"Thu, 05 Oct 2023 17:15:03 GMT","Apache/2.2.22 (Debian)","PHP/5.4.45-0+deb7u13","OJSSID=q2snoavootp768ja8jtbp7cjm3; path=/; domain=erevistas.saber.ula.ve","no-store","Accept-Encoding","text/html; charset=utf-8","200","OK"
"Thu, 05 Oct 2023 18:21:32 GMT","Apache/2.2.22 (Debian)","PHP/5.4.45-0+deb7u13","OJSSID=m1m9di9s9mu4kqj5h3oilpi2r6; path=/; domain=erevistas.saber.ula.ve","no-store","Accept-Encoding","text/html; charset=utf-8","200","OK"
"Thu, 05 Oct 2023 19:12:57 GMT","Apache/2.2.22 (Debian)","PHP/5.4.45-0+deb7u13","OJSSID=vrvive9u2g46pl8b8rnbj76ih5; path=/; domain=erevistas.saber.ula.ve","no-store","Accept-Encoding","text/html; charset=utf-8","200","OK"
"Thu, 05 Oct 2023 20:17:11 GMT","Apache/2.2.22 (Debian)","PHP/5.4.45-0+deb7u13","OJSSID=45uv7912896khoaa1etdn8fnb3; path=/; domain=erevistas.saber.ula.ve","no-store","Accept-Encoding","text/html; charset=utf-8","200","OK"
"Thu, 05 Oct 2023 21:15:04 GMT","Apache/2.2.22 (Debian)","PHP/5.4.45-0+deb7u13","OJSSID=4ap96bj4g8mjct17adi4vpkm66; path=/; domain=erevistas.saber.ula.ve","no-store","Accept-Encoding","text/html; charset=utf-8","200","OK"
"Thu, 05 Oct 2023 22:15:03 GMT","Apache/2.2.22 (Debian)","PHP/5.4.45-0+deb7u13","OJSSID=9c7u321p51nk132e5i065ivke1; path=/; domain=erevistas.saber.ula.ve","no-store","Accept-Encoding","text/html; charset=utf-8","200","OK"
FALSE,FALSE,FALSE,FALSE,FALSE,FALSE,FALSE,FALSE,FALSE
FALSE,FALSE,FALSE,FALSE,FALSE,FALSE,FALSE,FALSE,FALSE
"Fri, 06 Oct 2023 02:23:15 GMT","Apache/2.2.22 (Debian)","PHP/5.4.45-0+deb7u13","OJSSID=f6eprtc4u5b5mjtvk0f3a6lf75; path=/; domain=erevistas.saber.ula.ve","no-store","Accept-Encoding","text/html; charset=utf-8","200","OK"
"Fri, 06 Oct 2023 03:17:06 GMT","Apache/2.2.22 (Debian)","PHP/5.4.45-0+deb7u13","OJSSID=pkomi55ll0k9mmdl7i5b8oua33; path=/; domain=erevistas.saber.ula.ve","no-store","Accept-Encoding","text/html; charset=utf-8","200","OK"
"Fri, 06 Oct 2023 04:19:04 GMT","Apache/2.2.22 (Debian)","PHP/5.4.45-0+deb7u13","OJSSID=v5cpv6opfm2fds4n0feap5p3u7; path=/; domain=erevistas.saber.ula.ve","no-store","Accept-Encoding","text/html; charset=utf-8","200","OK"
"Fri, 06 Oct 2023 05:14:54 GMT","Apache/2.2.22 (Debian)","PHP/5.4.45-0+deb7u13","OJSSID=f3mtm432c63rk2bni713m6p977; path=/; domain=erevistas.saber.ula.ve","no-store","Accept-Encoding","text/html; charset=utf-8","200","OK"
"Fri, 06 Oct 2023 06:22:20 GMT","Apache/2.2.22 (Debian)","PHP/5.4.45-0+deb7u13","OJSSID=8rbleefefk058k2us5pp07qk15; path=/; domain=erevistas.saber.ula.ve","no-store","Accept-Encoding","text/html; charset=utf-8","200","OK"
"Fri, 06 Oct 2023 07:14:55 GMT","Apache/2.2.22 (Debian)","PHP/5.4.45-0+deb7u13","OJSSID=jeimt297lp4o7m8q96d3crrei0; path=/; domain=erevistas.saber.ula.ve","no-store","Accept-Encoding","text/html; charset=utf-8","200","OK"
"Fri, 06 Oct 2023 08:20:38 GMT","Apache/2.2.22 (Debian)","PHP/5.4.45-0+deb7u13","OJSSID=j33v4bt6hg23j2mo2qmluifc62; path=/; domain=erevistas.saber.ula.ve","no-store","Accept-Encoding","text/html; charset=utf-8","200","OK"
"Fri, 06 Oct 2023 09:16:51 GMT","Apache/2.2.22 (Debian)","PHP/5.4.45-0+deb7u13","OJSSID=efl4prq46dd5eq36ilioas7sc1; path=/; domain=erevistas.saber.ula.ve","no-store","Accept-Encoding","text/html; charset=utf-8","200","OK"
"Fri, 06 Oct 2023 10:17:26 GMT","Apache/2.2.22 (Debian)","PHP/5.4.45-0+deb7u13","OJSSID=5nvgsqrv3nbqen6nftpevesnf4; path=/; domain=erevistas.saber.ula.ve","no-store","Accept-Encoding","text/html; charset=utf-8","200","OK"
"Fri, 06 Oct 2023 11:13:51 GMT","Apache/2.2.22 (Debian)","PHP/5.4.45-0+deb7u13","OJSSID=hb6v1u5p7e9kqbisebo3seg3n3; path=/; domain=erevistas.saber.ula.ve","no-store","Accept-Encoding","text/html; charset=utf-8","200","OK"
"Fri, 06 Oct 2023 12:32:03 GMT","Apache/2.2.22 (Debian)","PHP/5.4.45-0+deb7u13","OJSSID=cgao8gbdus3evc8bj21vpttfn2; path=/; domain=erevistas.saber.ula.ve","no-store","Accept-Encoding","text/html; charset=utf-8","200","OK"
"Fri, 06 Oct 2023 13:20:27 GMT","Apache/2.2.22 (Debian)","PHP/5.4.45-0+deb7u13","OJSSID=d7jn5mpai2k68not8kc0rot9m3; path=/; domain=erevistas.saber.ula.ve","no-store","Accept-Encoding","text/html; charset=utf-8","200","OK"
"Fri, 06 Oct 2023 14:15:47 GMT","Apache/2.2.22 (Debian)","PHP/5.4.45-0+deb7u13","OJSSID=ul9v3cv2vbg6e83b0c5l6orlp7; path=/; domain=erevistas.saber.ula.ve","no-store","Accept-Encoding","text/html; charset=utf-8","200","OK"
"Fri, 06 Oct 2023 15:17:58 GMT","Apache/2.2.22 (Debian)","PHP/5.4.45-0+deb7u13","OJSSID=29jp9vtjtt7j2assdvtr1ed451; path=/; domain=erevistas.saber.ula.ve","no-store","Accept-Encoding","text/html; charset=utf-8","200","OK"
"Fri, 06 Oct 2023 16:21:42 GMT","Apache/2.2.22 (Debian)","PHP/5.4.45-0+deb7u13","OJSSID=ejlnj1je286ass6e8m1jtsh5i2; path=/; domain=erevistas.saber.ula.ve","no-store","Accept-Encoding","text/html; charset=utf-8","200","OK"
"Fri, 06 Oct 2023 17:15:06 GMT","Apache/2.2.22 (Debian)","PHP/5.4.45-0+deb7u13","OJSSID=mdmch4dp01kfj046beq5205ml6; path=/; domain=erevistas.saber.ula.ve","no-store","Accept-Encoding","text/html; charset=utf-8","200","OK"
"Fri, 06 Oct 2023 18:20:55 GMT","Apache/2.2.22 (Debian)","PHP/5.4.45-0+deb7u13","OJSSID=rlb1d6p5hmkk9go6a4lopf5go0; path=/; domain=erevistas.saber.ula.ve","no-store","Accept-Encoding","text/html; charset=utf-8","200","OK"
FALSE,FALSE,FALSE,FALSE,FALSE,FALSE,FALSE,FALSE,FALSE
FALSE,FALSE,FALSE,FALSE,FALSE,FALSE,FALSE,FALSE,FALSE
FALSE,FALSE,FALSE,FALSE,FALSE,FALSE,FALSE,FALSE,FALSE
FALSE,FALSE,FALSE,FALSE,FALSE,FALSE,FALSE,FALSE,FALSE
FALSE,FALSE,FALSE,FALSE,FALSE,FALSE,FALSE,FALSE,FALSE
FALSE,FALSE,FALSE,FALSE,FALSE,FALSE,FALSE,FALSE,FALSE
FALSE,FALSE,FALSE,FALSE,FALSE,FALSE,FALSE,FALSE,FALSE
FALSE,FALSE,FALSE,FALSE,FALSE,FALSE,FALSE,FALSE,FALSE
FALSE,FALSE,FALSE,FALSE,FALSE,FALSE,FALSE,FALSE,FALSE
FALSE,FALSE,FALSE,FALSE,FALSE,FALSE,FALSE,FALSE,FALSE
FALSE,FALSE,FALSE,FALSE,FALSE,FALSE,FALSE,FALSE,FALSE
FALSE,FALSE,FALSE,FALSE,FALSE,FALSE,FALSE,FALSE,FALSE
"Sat, 07 Oct 2023 08:18:45 GMT","Apache/2.2.22 (Debian)","PHP/5.4.45-0+deb7u13","OJSSID=cbeuh2520jrq16ndj36do5n053; path=/; domain=erevistas.saber.ula.ve","no-store","Accept-Encoding","text/html; charset=utf-8","200","OK"
"Sat, 07 Oct 2023 09:14:23 GMT","Apache/2.2.22 (Debian)","PHP/5.4.45-0+deb7u13","OJSSID=o85udv99ru4nmfhsvlsjf13mk6; path=/; domain=erevistas.saber.ula.ve","no-store","Accept-Encoding","text/html; charset=utf-8","200","OK"
"Sat, 07 Oct 2023 10:15:55 GMT","Apache/2.2.22 (Debian)","PHP/5.4.45-0+deb7u13","OJSSID=9kbh1vu0repk7h3ej6h16t2876; path=/; domain=erevistas.saber.ula.ve","no-store","Accept-Encoding","text/html; charset=utf-8","200","OK"
"Sat, 07 Oct 2023 11:12:15 GMT","Apache/2.2.22 (Debian)","PHP/5.4.45-0+deb7u13","OJSSID=mb9t7c0n7m06bjhi5317m2df24; path=/; domain=erevistas.saber.ula.ve","no-store","Accept-Encoding","text/html; charset=utf-8","200","OK"
"Sat, 07 Oct 2023 12:28:04 GMT","Apache/2.2.22 (Debian)","PHP/5.4.45-0+deb7u13","OJSSID=bv4a31eae481fth2ai5u278q73; path=/; domain=erevistas.saber.ula.ve","no-store","Accept-Encoding","text/html; charset=utf-8","200","OK"
"Sat, 07 Oct 2023 13:16:58 GMT","Apache/2.2.22 (Debian)","PHP/5.4.45-0+deb7u13","OJSSID=a0e24142uok4o0monfpger93a0; path=/; domain=erevistas.saber.ula.ve","no-store","Accept-Encoding","text/html; charset=utf-8","200","OK"
"Sat, 07 Oct 2023 14:13:20 GMT","Apache/2.2.22 (Debian)","PHP/5.4.45-0+deb7u13","OJSSID=haviitckgen0k8b34gje3iojs2; path=/; domain=erevistas.saber.ula.ve","no-store","Accept-Encoding","text/html; charset=utf-8","200","OK"
"Sat, 07 Oct 2023 15:14:36 GMT","Apache/2.2.22 (Debian)","PHP/5.4.45-0+deb7u13","OJSSID=0ap2ri1ffsbu3ps414rmu0tc53; path=/; domain=erevistas.saber.ula.ve","no-store","Accept-Encoding","text/html; charset=utf-8","200","OK"
"Sat, 07 Oct 2023 16:18:54 GMT","Apache/2.2.22 (Debian)","PHP/5.4.45-0+deb7u13","OJSSID=l776j83o37ju7tkp1sod8r1el1; path=/; domain=erevistas.saber.ula.ve","no-store","Accept-Encoding","text/html; charset=utf-8","200","OK"
"Sat, 07 Oct 2023 17:13:11 GMT","Apache/2.2.22 (Debian)","PHP/5.4.45-0+deb7u13","OJSSID=rrvfvnj5nrcuf63f35ut0he2c5; path=/; domain=erevistas.saber.ula.ve","no-store","Accept-Encoding","text/html; charset=utf-8","200","OK"
"Sat, 07 Oct 2023 18:19:19 GMT","Apache/2.2.22 (Debian)","PHP/5.4.45-0+deb7u13","OJSSID=p7mbp6cft4mm9ieughg9udft42; path=/; domain=erevistas.saber.ula.ve","no-store","Accept-Encoding","text/html; charset=utf-8","200","OK"
"Sat, 07 Oct 2023 19:12:09 GMT","Apache/2.2.22 (Debian)","PHP/5.4.45-0+deb7u13","OJSSID=77auaoh4g58ahd2o3u6qbg77i3; path=/; domain=erevistas.saber.ula.ve","no-store","Accept-Encoding","text/html; charset=utf-8","200","OK"
"Sat, 07 Oct 2023 20:16:23 GMT","Apache/2.2.22 (Debian)","PHP/5.4.45-0+deb7u13","OJSSID=7c4g2vsvadqr2rdeego7afunm2; path=/; domain=erevistas.saber.ula.ve","no-store","Accept-Encoding","text/html; charset=utf-8","200","OK"
"Sat, 07 Oct 2023 21:13:02 GMT","Apache/2.2.22 (Debian)","PHP/5.4.45-0+deb7u13","OJSSID=ehs1001f8jivvio6jvh5fhgvd3; path=/; domain=erevistas.saber.ula.ve","no-store","Accept-Encoding","text/html; charset=utf-8","200","OK"
"Sat, 07 Oct 2023 22:14:16 GMT","Apache/2.2.22 (Debian)","PHP/5.4.45-0+deb7u13","OJSSID=ogpp8ur2u9dtqrusk3r4bmaer2; path=/; domain=erevistas.saber.ula.ve","no-store","Accept-Encoding","text/html; charset=utf-8","200","OK"
"Sat, 07 Oct 2023 23:15:14 GMT","Apache/2.2.22 (Debian)","PHP/5.4.45-0+deb7u13","OJSSID=9hdn133nns9eri9rhffot3ufj7; path=/; domain=erevistas.saber.ula.ve","no-store","Accept-Encoding","text/html; charset=utf-8","200","OK"
"Sun, 08 Oct 2023 01:12:29 GMT","Apache/2.2.22 (Debian)","PHP/5.4.45-0+deb7u13","OJSSID=5io5c5s6r8hadi6ohc8l2ibs95; path=/; domain=erevistas.saber.ula.ve","no-store","Accept-Encoding","text/html; charset=utf-8","200","OK"
"Sun, 08 Oct 2023 02:24:40 GMT","Apache/2.2.22 (Debian)","PHP/5.4.45-0+deb7u13","OJSSID=aoj227mppj0h7p46rfpgbv8v06; path=/; domain=erevistas.saber.ula.ve","no-store","Accept-Encoding","text/html; charset=utf-8","200","OK"
"Sun, 08 Oct 2023 03:15:57 GMT","Apache/2.2.22 (Debian)","PHP/5.4.45-0+deb7u13","OJSSID=2thvcajdd07k73k8avvkfavcm5; path=/; domain=erevistas.saber.ula.ve","no-store","Accept-Encoding","text/html; charset=utf-8","200","OK"
"Sun, 08 Oct 2023 04:18:54 GMT","Apache/2.2.22 (Debian)","PHP/5.4.45-0+deb7u13","OJSSID=6r38nv78hvbm4tgrn26alplkt7; path=/; domain=erevistas.saber.ula.ve","no-store","Accept-Encoding","text/html; charset=utf-8","200","OK"
"Sun, 08 Oct 2023 05:14:49 GMT","Apache/2.2.22 (Debian)","PHP/5.4.45-0+deb7u13","OJSSID=999iao1r3gkllm00to37qoqjg2; path=/; domain=erevistas.saber.ula.ve","no-store","Accept-Encoding","text/html; charset=utf-8","200","OK"
"Sun, 08 Oct 2023 06:20:44 GMT","Apache/2.2.22 (Debian)","PHP/5.4.45-0+deb7u13","OJSSID=5ctgolavk3j0ilimq1rs29p4b7; path=/; domain=erevistas.saber.ula.ve","no-store","Accept-Encoding","text/html; charset=utf-8","200","OK"
"Sun, 08 Oct 2023 07:14:26 GMT","Apache/2.2.22 (Debian)","PHP/5.4.45-0+deb7u13","OJSSID=miot10brvrprchdnoonv4s5ce2; path=/; domain=erevistas.saber.ula.ve","no-store","Accept-Encoding","text/html; charset=utf-8","200","OK"
"Sun, 08 Oct 2023 08:18:49 GMT","Apache/2.2.22 (Debian)","PHP/5.4.45-0+deb7u13","OJSSID=ppe01cd1hlvlhi0srt7q9jese6; path=/; domain=erevistas.saber.ula.ve","no-store","Accept-Encoding","text/html; charset=utf-8","200","OK"
"Sun, 08 Oct 2023 09:14:30 GMT","Apache/2.2.22 (Debian)","PHP/5.4.45-0+deb7u13","OJSSID=s4nr552ioc47mlto8sarc4p5h0; path=/; domain=erevistas.saber.ula.ve","no-store","Accept-Encoding","text/html; charset=utf-8","200","OK"
"Sun, 08 Oct 2023 10:15:13 GMT","Apache/2.2.22 (Debian)","PHP/5.4.45-0+deb7u13","OJSSID=9561kqkr3s07rr8m8a9dishgv1; path=/; domain=erevistas.saber.ula.ve","no-store","Accept-Encoding","text/html; charset=utf-8","200","OK"
"Sun, 08 Oct 2023 11:12:33 GMT","Apache/2.2.22 (Debian)","PHP/5.4.45-0+deb7u13","OJSSID=p5amkv19ugtufekfqbgic19o66; path=/; domain=erevistas.saber.ula.ve","no-store","Accept-Encoding","text/html; charset=utf-8","200","OK"
"Sun, 08 Oct 2023 12:28:10 GMT","Apache/2.2.22 (Debian)","PHP/5.4.45-0+deb7u13","OJSSID=gcq5aijg9605kil3eb27mtrqd1; path=/; domain=erevistas.saber.ula.ve","no-store","Accept-Encoding","text/html; charset=utf-8","200","OK"
"Sun, 08 Oct 2023 13:17:33 GMT","Apache/2.2.22 (Debian)","PHP/5.4.45-0+deb7u13","OJSSID=4kngf486tlr6124c6qa2r61vg4; path=/; domain=erevistas.saber.ula.ve","no-store","Accept-Encoding","text/html; charset=utf-8","200","OK"
"Sun, 08 Oct 2023 14:13:07 GMT","Apache/2.2.22 (Debian)","PHP/5.4.45-0+deb7u13","OJSSID=pmkmofi6o4i09ucerjijnti3e6; path=/; domain=erevistas.saber.ula.ve","no-store","Accept-Encoding","text/html; charset=utf-8","200","OK"
"Sun, 08 Oct 2023 15:15:49 GMT","Apache/2.2.22 (Debian)","PHP/5.4.45-0+deb7u13","OJSSID=ipuphh5ptocpjjj5qo3ent3k45; path=/; domain=erevistas.saber.ula.ve","no-store","Accept-Encoding","text/html; charset=utf-8","200","OK"
"Sun, 08 Oct 2023 16:19:00 GMT","Apache/2.2.22 (Debian)","PHP/5.4.45-0+deb7u13","OJSSID=t821vee6rini5rvhkpvsohc996; path=/; domain=erevistas.saber.ula.ve","no-store","Accept-Encoding","text/html; charset=utf-8","200","OK"
"Sun, 08 Oct 2023 17:13:03 GMT","Apache/2.2.22 (Debian)","PHP/5.4.45-0+deb7u13","OJSSID=njc0cqim5v4up6k8ir1k63dgs6; path=/; domain=erevistas.saber.ula.ve","no-store","Accept-Encoding","text/html; charset=utf-8","200","OK"
"Sun, 08 Oct 2023 18:20:05 GMT","Apache/2.2.22 (Debian)","PHP/5.4.45-0+deb7u13","OJSSID=78d3fkodig5a760h2km284auk0; path=/; domain=erevistas.saber.ula.ve","no-store","Accept-Encoding","text/html; charset=utf-8","200","OK"
FALSE,FALSE,FALSE,FALSE,FALSE,FALSE,FALSE,FALSE,FALSE
FALSE,FALSE,FALSE,FALSE,FALSE,FALSE,FALSE,FALSE,FALSE
FALSE,FALSE,FALSE,FALSE,FALSE,FALSE,FALSE,FALSE,FALSE
FALSE,FALSE,FALSE,FALSE,FALSE,FALSE,FALSE,FALSE,FALSE
FALSE,FALSE,FALSE,FALSE,FALSE,FALSE,FALSE,FALSE,FALSE
FALSE,FALSE,FALSE,FALSE,FALSE,FALSE,FALSE,FALSE,FALSE
FALSE,FALSE,FALSE,FALSE,FALSE,FALSE,FALSE,FALSE,FALSE
FALSE,FALSE,FALSE,FALSE,FALSE,FALSE,FALSE,FALSE,FALSE
FALSE,FALSE,FALSE,FALSE,FALSE,FALSE,FALSE,FALSE,FALSE
FALSE,FALSE,FALSE,FALSE,FALSE,FALSE,FALSE,FALSE,FALSE
FALSE,FALSE,FALSE,FALSE,FALSE,FALSE,FALSE,FALSE,FALSE
FALSE,FALSE,FALSE,FALSE,FALSE,FALSE,FALSE,FALSE,FALSE
"Mon, 09 Oct 2023 08:21:51 GMT","Apache/2.2.22 (Debian)","PHP/5.4.45-0+deb7u13","OJSSID=osaig0p56rahs4sjr868q6mk65; path=/; domain=erevistas.saber.ula.ve","no-store","Accept-Encoding","text/html; charset=utf-8","200","OK"
FALSE,FALSE,FALSE,FALSE,FALSE,FALSE,FALSE,FALSE,FALSE
"Mon, 09 Oct 2023 10:18:48 GMT","Apache/2.2.22 (Debian)","PHP/5.4.45-0+deb7u13","OJSSID=d1irk8um36igguueh03f170qt4; path=/; domain=erevistas.saber.ula.ve","no-store","Accept-Encoding","text/html; charset=utf-8","200","OK"
"Mon, 09 Oct 2023 11:14:05 GMT","Apache/2.2.22 (Debian)","PHP/5.4.45-0+deb7u13","OJSSID=2u353ok94s33nc2upjv3ea3d27; path=/; domain=erevistas.saber.ula.ve","no-store","Accept-Encoding","text/html; charset=utf-8","200","OK"
"Mon, 09 Oct 2023 12:33:37 GMT","Apache/2.2.22 (Debian)","PHP/5.4.45-0+deb7u13","OJSSID=36mtr78lt77qvdobe119orlm57; path=/; domain=erevistas.saber.ula.ve","no-store","Accept-Encoding","text/html; charset=utf-8","200","OK"
"Mon, 09 Oct 2023 13:22:04 GMT","Apache/2.2.22 (Debian)","PHP/5.4.45-0+deb7u13","OJSSID=ouv156ja66ptr20sm2v7hqd4t4; path=/; domain=erevistas.saber.ula.ve","no-store","Accept-Encoding","text/html; charset=utf-8","200","OK"
"Mon, 09 Oct 2023 14:16:48 GMT","Apache/2.2.22 (Debian)","PHP/5.4.45-0+deb7u13","OJSSID=scqdckk28cs4oi6bbg1pvp3g96; path=/; domain=erevistas.saber.ula.ve","no-store","Accept-Encoding","text/html; charset=utf-8","200","OK"
"Mon, 09 Oct 2023 15:18:19 GMT","Apache/2.2.22 (Debian)","PHP/5.4.45-0+deb7u13","OJSSID=hjkrc1q9774djs90nhnc35n135; path=/; domain=erevistas.saber.ula.ve","no-store","Accept-Encoding","text/html; charset=utf-8","200","OK"
"Mon, 09 Oct 2023 16:21:36 GMT","Apache/2.2.22 (Debian)","PHP/5.4.45-0+deb7u13","OJSSID=0f3gtl571iflpjoiqs653v8so5; path=/; domain=erevistas.saber.ula.ve","no-store","Accept-Encoding","text/html; charset=utf-8","200","OK"
"Mon, 09 Oct 2023 17:14:53 GMT","Apache/2.2.22 (Debian)","PHP/5.4.45-0+deb7u13","OJSSID=e3cpoej6i9gulnh14lpn9r65b4; path=/; domain=erevistas.saber.ula.ve","no-store","Accept-Encoding","text/html; charset=utf-8","200","OK"
"Mon, 09 Oct 2023 18:21:04 GMT","Apache/2.2.22 (Debian)","PHP/5.4.45-0+deb7u13","OJSSID=bqn63o4sp5k8bmi3sqq6mjo374; path=/; domain=erevistas.saber.ula.ve","no-store","Accept-Encoding","text/html; charset=utf-8","200","OK"
"Mon, 09 Oct 2023 19:12:57 GMT","Apache/2.2.22 (Debian)","PHP/5.4.45-0+deb7u13","OJSSID=im3q5kk7srfl7f33f5u54j1kn2; path=/; domain=erevistas.saber.ula.ve","no-store","Accept-Encoding","text/html; charset=utf-8","200","OK"
"Mon, 09 Oct 2023 20:16:39 GMT","Apache/2.2.22 (Debian)","PHP/5.4.45-0+deb7u13","OJSSID=hf60v3319nernik642l3elqr70; path=/; domain=erevistas.saber.ula.ve","no-store","Accept-Encoding","text/html; charset=utf-8","200","OK"
"Mon, 09 Oct 2023 21:14:23 GMT","Apache/2.2.22 (Debian)","PHP/5.4.45-0+deb7u13","OJSSID=2oacf9jilgvvg7aucijet9t426; path=/; domain=erevistas.saber.ula.ve","no-store","Accept-Encoding","text/html; charset=utf-8","200","OK"
"Mon, 09 Oct 2023 22:15:22 GMT","Apache/2.2.22 (Debian)","PHP/5.4.45-0+deb7u13","OJSSID=a0bnmrcrc72g3jp2cvb9q6dsn4; path=/; domain=erevistas.saber.ula.ve","no-store","Accept-Encoding","text/html; charset=utf-8","200","OK"
"Mon, 09 Oct 2023 23:16:23 GMT","Apache/2.2.22 (Debian)","PHP/5.4.45-0+deb7u13","OJSSID=k3ilkvd74ej5cgg5rb1pmbr7n4; path=/; domain=erevistas.saber.ula.ve","no-store","Accept-Encoding","text/html; charset=utf-8","200","OK"
"Tue, 10 Oct 2023 01:07:47 GMT","Apache/2.2.22 (Debian)","PHP/5.4.45-0+deb7u13","OJSSID=q128bqouic12du3ld8t8r342o5; path=/; domain=erevistas.saber.ula.ve","no-store","Accept-Encoding","text/html; charset=utf-8","200","OK"
"Tue, 10 Oct 2023 02:22:55 GMT","Apache/2.2.22 (Debian)","PHP/5.4.45-0+deb7u13","OJSSID=7eqfp5i2022l0sf5bplk87h194; path=/; domain=erevistas.saber.ula.ve","no-store","Accept-Encoding","text/html; charset=utf-8","200","OK"
"Tue, 10 Oct 2023 03:16:46 GMT","Apache/2.2.22 (Debian)","PHP/5.4.45-0+deb7u13","OJSSID=h0spfphcm9a62o5vcu821ukft7; path=/; domain=erevistas.saber.ula.ve","no-store","Accept-Encoding","text/html; charset=utf-8","200","OK"
"Tue, 10 Oct 2023 04:19:16 GMT","Apache/2.2.22 (Debian)","PHP/5.4.45-0+deb7u13","OJSSID=agbsriue9c0i4r3n27rpavmvn4; path=/; domain=erevistas.saber.ula.ve","no-store","Accept-Encoding","text/html; charset=utf-8","200","OK"
"Tue, 10 Oct 2023 05:15:38 GMT","Apache/2.2.22 (Debian)","PHP/5.4.45-0+deb7u13","OJSSID=8d5mnf1t1ubonj54t020p2b2j6; path=/; domain=erevistas.saber.ula.ve","no-store","Accept-Encoding","text/html; charset=utf-8","200","OK"
"Tue, 10 Oct 2023 06:22:32 GMT","Apache/2.2.22 (Debian)","PHP/5.4.45-0+deb7u13","OJSSID=j6uhuuiabbhii42550flmevep2; path=/; domain=erevistas.saber.ula.ve","no-store","Accept-Encoding","text/html; charset=utf-8","200","OK"
"Tue, 10 Oct 2023 07:15:27 GMT","Apache/2.2.22 (Debian)","PHP/5.4.45-0+deb7u13","OJSSID=um4gt36bascbi0h2fcq6p9kv61; path=/; domain=erevistas.saber.ula.ve","no-store","Accept-Encoding","text/html; charset=utf-8","200","OK"
"Tue, 10 Oct 2023 08:21:15 GMT","Apache/2.2.22 (Debian)","PHP/5.4.45-0+deb7u13","OJSSID=9n3mvp9j155vv2tc472fne5230; path=/; domain=erevistas.saber.ula.ve","no-store","Accept-Encoding","text/html; charset=utf-8","200","OK"
"Tue, 10 Oct 2023 09:17:00 GMT","Apache/2.2.22 (Debian)","PHP/5.4.45-0+deb7u13","OJSSID=um7jo52dlvd7admbu93l97f2r4; path=/; domain=erevistas.saber.ula.ve","no-store","Accept-Encoding","text/html; charset=utf-8","200","OK"
"Tue, 10 Oct 2023 10:17:56 GMT","Apache/2.2.22 (Debian)","PHP/5.4.45-0+deb7u13","OJSSID=4e2br62eu3iiclfebdbfvrm3f3; path=/; domain=erevistas.saber.ula.ve","no-store","Accept-Encoding","text/html; charset=utf-8","200","OK"
"Tue, 10 Oct 2023 11:13:48 GMT","Apache/2.2.22 (Debian)","PHP/5.4.45-0+deb7u13","OJSSID=vkakktd8upka28ek2h9eg5b2d6; path=/; domain=erevistas.saber.ula.ve","no-store","Accept-Encoding","text/html; charset=utf-8","200","OK"
"Tue, 10 Oct 2023 12:31:36 GMT","Apache/2.2.22 (Debian)","PHP/5.4.45-0+deb7u13","OJSSID=06d161lkj94o0uq0mcqvuhk3j2; path=/; domain=erevistas.saber.ula.ve","no-store","Accept-Encoding","text/html; charset=utf-8","200","OK"
"Tue, 10 Oct 2023 13:20:49 GMT","Apache/2.2.22 (Debian)","PHP/5.4.45-0+deb7u13","OJSSID=fgvhj0kcnvlk5sdov4qet3oi75; path=/; domain=erevistas.saber.ula.ve","no-store","Accept-Encoding","text/html; charset=utf-8","200","OK"
"Tue, 10 Oct 2023 14:15:52 GMT","Apache/2.2.22 (Debian)","PHP/5.4.45-0+deb7u13","OJSSID=3naej7jf3qe6999pn3cqth4jc7; path=/; domain=erevistas.saber.ula.ve","no-store","Accept-Encoding","text/html; charset=utf-8","200","OK"
"Tue, 10 Oct 2023 15:17:37 GMT","Apache/2.2.22 (Debian)","PHP/5.4.45-0+deb7u13","OJSSID=lce3dm0uvin9if2la9tcrbl6n6; path=/; domain=erevistas.saber.ula.ve","no-store","Accept-Encoding","text/html; charset=utf-8","200","OK"
"Tue, 10 Oct 2023 16:21:49 GMT","Apache/2.2.22 (Debian)","PHP/5.4.45-0+deb7u13","OJSSID=ph71krcflpon0vbbohgctokik1; path=/; domain=erevistas.saber.ula.ve","no-store","Accept-Encoding","text/html; charset=utf-8","200","OK"
"Tue, 10 Oct 2023 17:13:36 GMT","Apache/2.2.22 (Debian)","PHP/5.4.45-0+deb7u13","OJSSID=tg9urkqtlecbqlh2s6cq9bj182; path=/; domain=erevistas.saber.ula.ve","no-store","Accept-Encoding","text/html; charset=utf-8","200","OK"
"Tue, 10 Oct 2023 18:21:46 GMT","Apache/2.2.22 (Debian)","PHP/5.4.45-0+deb7u13","OJSSID=fre9k5aloiifcof93j5porr7a6; path=/; domain=erevistas.saber.ula.ve","no-store","Accept-Encoding","text/html; charset=utf-8","200","OK"
"Tue, 10 Oct 2023 19:12:11 GMT","Apache/2.2.22 (Debian)","PHP/5.4.45-0+deb7u13","OJSSID=egc09cn2iiidt0beafgek3drm7; path=/; domain=erevistas.saber.ula.ve","no-store","Accept-Encoding","text/html; charset=utf-8","200","OK"
"Tue, 10 Oct 2023 20:15:49 GMT","Apache/2.2.22 (Debian)","PHP/5.4.45-0+deb7u13","OJSSID=gi4nt9benb0m23nptule7bfg14; path=/; domain=erevistas.saber.ula.ve","no-store","Accept-Encoding","text/html; charset=utf-8","200","OK"
"Tue, 10 Oct 2023 21:15:09 GMT","Apache/2.2.22 (Debian)","PHP/5.4.45-0+deb7u13","OJSSID=n0v9sk3vm9k0ak6pb90r6a2e03; path=/; domain=erevistas.saber.ula.ve","no-store","Accept-Encoding","text/html; charset=utf-8","200","OK"
"Tue, 10 Oct 2023 22:14:58 GMT","Apache/2.2.22 (Debian)","PHP/5.4.45-0+deb7u13","OJSSID=o012amo17edgolnnv0r3ivmfq3; path=/; domain=erevistas.saber.ula.ve","no-store","Accept-Encoding","text/html; charset=utf-8","200","OK"
"Tue, 10 Oct 2023 23:15:57 GMT","Apache/2.2.22 (Debian)","PHP/5.4.45-0+deb7u13","OJSSID=rrq4jvrt35kseb9htvj4k3o531; path=/; domain=erevistas.saber.ula.ve","no-store","Accept-Encoding","text/html; charset=utf-8","200","OK"
"Wed, 11 Oct 2023 01:07:28 GMT","Apache/2.2.22 (Debian)","PHP/5.4.45-0+deb7u13","OJSSID=c1ea9jo1rlf7b5rokvgqeg93m7; path=/; domain=erevistas.saber.ula.ve","no-store","Accept-Encoding","text/html; charset=utf-8","200","OK"
"Wed, 11 Oct 2023 02:22:38 GMT","Apache/2.2.22 (Debian)","PHP/5.4.45-0+deb7u13","OJSSID=5p29ndsdg6q0b4dbgbci6opna6; path=/; domain=erevistas.saber.ula.ve","no-store","Accept-Encoding","text/html; charset=utf-8","200","OK"
"Wed, 11 Oct 2023 03:17:18 GMT","Apache/2.2.22 (Debian)","PHP/5.4.45-0+deb7u13","OJSSID=37jknuu519o7d78reu7d2o80i2; path=/; domain=erevistas.saber.ula.ve","no-store","Accept-Encoding","text/html; charset=utf-8","200","OK"
"Wed, 11 Oct 2023 04:19:40 GMT","Apache/2.2.22 (Debian)","PHP/5.4.45-0+deb7u13","OJSSID=hsf2vg9kut3l4pvepehkmc34l0; path=/; domain=erevistas.saber.ula.ve","no-store","Accept-Encoding","text/html; charset=utf-8","200","OK"
"Wed, 11 Oct 2023 05:14:59 GMT","Apache/2.2.22 (Debian)","PHP/5.4.45-0+deb7u13","OJSSID=dpedeihjitkdhkuctjo3m2pu81; path=/; domain=erevistas.saber.ula.ve","no-store","Accept-Encoding","text/html; charset=utf-8","200","OK"
"Wed, 11 Oct 2023 06:22:28 GMT","Apache/2.2.22 (Debian)","PHP/5.4.45-0+deb7u13","OJSSID=38don4mvuh6q62rjq9etcvi7b0; path=/; domain=erevistas.saber.ula.ve","no-store","Accept-Encoding","text/html; charset=utf-8","200","OK"
"Wed, 11 Oct 2023 07:15:20 GMT","Apache/2.2.22 (Debian)","PHP/5.4.45-0+deb7u13","OJSSID=qlvi2nlohs78g2a0dea7b0oip5; path=/; domain=erevistas.saber.ula.ve","no-store","Accept-Encoding","text/html; charset=utf-8","200","OK"
"Wed, 11 Oct 2023 08:20:53 GMT","Apache/2.2.22 (Debian)","PHP/5.4.45-0+deb7u13","OJSSID=n9p3bfgtfjctvtb677hf86gml1; path=/; domain=erevistas.saber.ula.ve","no-store","Accept-Encoding","text/html; charset=utf-8","200","OK"
"Wed, 11 Oct 2023 09:17:46 GMT","Apache/2.2.22 (Debian)","PHP/5.4.45-0+deb7u13","OJSSID=2esd7bve0p5tp9oo1cgdaocjf3; path=/; domain=erevistas.saber.ula.ve","no-store","Accept-Encoding","text/html; charset=utf-8","200","OK"
"Wed, 11 Oct 2023 10:18:22 GMT","Apache/2.2.22 (Debian)","PHP/5.4.45-0+deb7u13","OJSSID=bh8sol4igt4vu7f8mv33s5gun7; path=/; domain=erevistas.saber.ula.ve","no-store","Accept-Encoding","text/html; charset=utf-8","200","OK"
"Wed, 11 Oct 2023 11:14:03 GMT","Apache/2.2.22 (Debian)","PHP/5.4.45-0+deb7u13","OJSSID=s7uffj8g7vtpoi973ft4tadc76; path=/; domain=erevistas.saber.ula.ve","no-store","Accept-Encoding","text/html; charset=utf-8","200","OK"
"Wed, 11 Oct 2023 12:31:49 GMT","Apache/2.2.22 (Debian)","PHP/5.4.45-0+deb7u13","OJSSID=ikkchb7mklkcbnm7k3a1i9tfm6; path=/; domain=erevistas.saber.ula.ve","no-store","Accept-Encoding","text/html; charset=utf-8","200","OK"
"Wed, 11 Oct 2023 13:21:46 GMT","Apache/2.2.22 (Debian)","PHP/5.4.45-0+deb7u13","OJSSID=046m15bgj7j5png9e28q1r9416; path=/; domain=erevistas.saber.ula.ve","no-store","Accept-Encoding","text/html; charset=utf-8","200","OK"
FALSE,FALSE,FALSE,FALSE,FALSE,FALSE,FALSE,FALSE,FALSE
"Wed, 11 Oct 2023 15:16:54 GMT","Apache/2.2.22 (Debian)","PHP/5.4.45-0+deb7u13","OJSSID=lnks37f5i9ifh0igi7s94f8av7; path=/; domain=erevistas.saber.ula.ve","no-store","Accept-Encoding","text/html; charset=utf-8","200","OK"
"Wed, 11 Oct 2023 16:21:01 GMT","Apache/2.2.22 (Debian)","PHP/5.4.45-0+deb7u13","OJSSID=l95t3us7325mkda4lfmh3l5j05; path=/; domain=erevistas.saber.ula.ve","no-store","Accept-Encoding","text/html; charset=utf-8","200","OK"
"Wed, 11 Oct 2023 17:15:14 GMT","Apache/2.2.22 (Debian)","PHP/5.4.45-0+deb7u13","OJSSID=oduupg3mcvdeto4jqcha4lh201; path=/; domain=erevistas.saber.ula.ve","no-store","Accept-Encoding","text/html; charset=utf-8","200","OK"
"Wed, 11 Oct 2023 18:21:29 GMT","Apache/2.2.22 (Debian)","PHP/5.4.45-0+deb7u13","OJSSID=701vgrln8ju5o3d969nuufiph5; path=/; domain=erevistas.saber.ula.ve","no-store","Accept-Encoding","text/html; charset=utf-8","200","OK"
"Wed, 11 Oct 2023 19:13:32 GMT","Apache/2.2.22 (Debian)","PHP/5.4.45-0+deb7u13","OJSSID=0aqi5hdubt4msfs6msqkng3km6; path=/; domain=erevistas.saber.ula.ve","no-store","Accept-Encoding","text/html; charset=utf-8","200","OK"
"Wed, 11 Oct 2023 20:17:27 GMT","Apache/2.2.22 (Debian)","PHP/5.4.45-0+deb7u13","OJSSID=hkhm8onhlqkv6fhqpof5f67i92; path=/; domain=erevistas.saber.ula.ve","no-store","Accept-Encoding","text/html; charset=utf-8","200","OK"
"Wed, 11 Oct 2023 21:14:29 GMT","Apache/2.2.22 (Debian)","PHP/5.4.45-0+deb7u13","OJSSID=n8v8dbho3r1udr3e9krfhhd494; path=/; domain=erevistas.saber.ula.ve","no-store","Accept-Encoding","text/html; charset=utf-8","200","OK"
"Wed, 11 Oct 2023 22:15:17 GMT","Apache/2.2.22 (Debian)","PHP/5.4.45-0+deb7u13","OJSSID=fjnfjjlnose25shof8lelttoc3; path=/; domain=erevistas.saber.ula.ve","no-store","Accept-Encoding","text/html; charset=utf-8","200","OK"
FALSE,FALSE,FALSE,FALSE,FALSE,FALSE,FALSE,FALSE,FALSE
FALSE,FALSE,FALSE,FALSE,FALSE,FALSE,FALSE,FALSE,FALSE
FALSE,FALSE,FALSE,FALSE,FALSE,FALSE,FALSE,FALSE,FALSE
FALSE,FALSE,FALSE,FALSE,FALSE,FALSE,FALSE,FALSE,FALSE
"Thu, 12 Oct 2023 04:19:33 GMT","Apache/2.2.22 (Debian)","PHP/5.4.45-0+deb7u13","OJSSID=libnras971lt5nfmk44i4uil90; path=/; domain=erevistas.saber.ula.ve","no-store","Accept-Encoding","text/html; charset=utf-8","200","OK"
"Thu, 12 Oct 2023 05:15:42 GMT","Apache/2.2.22 (Debian)","PHP/5.4.45-0+deb7u13","OJSSID=v8pdasu3kpm495b793vmjnja15; path=/; domain=erevistas.saber.ula.ve","no-store","Accept-Encoding","text/html; charset=utf-8","200","OK"
"Thu, 12 Oct 2023 06:21:37 GMT","Apache/2.2.22 (Debian)","PHP/5.4.45-0+deb7u13","OJSSID=cv4hna2v3qa2cegvl3u94ltad3; path=/; domain=erevistas.saber.ula.ve","no-store","Accept-Encoding","text/html; charset=utf-8","200","OK"
"Thu, 12 Oct 2023 07:15:45 GMT","Apache/2.2.22 (Debian)","PHP/5.4.45-0+deb7u13","OJSSID=jev14k7meheikbe6r3tolj99g5; path=/; domain=erevistas.saber.ula.ve","no-store","Accept-Encoding","text/html; charset=utf-8","200","OK"
"Thu, 12 Oct 2023 08:20:41 GMT","Apache/2.2.22 (Debian)","PHP/5.4.45-0+deb7u13","OJSSID=ab86fuu6t9kjtn0lgcippulj70; path=/; domain=erevistas.saber.ula.ve","no-store","Accept-Encoding","text/html; charset=utf-8","200","OK"
"Thu, 12 Oct 2023 09:16:38 GMT","Apache/2.2.22 (Debian)","PHP/5.4.45-0+deb7u13","OJSSID=dljk76ubfc2rrasojm0nkagq45; path=/; domain=erevistas.saber.ula.ve","no-store","Accept-Encoding","text/html; charset=utf-8","200","OK"
"Thu, 12 Oct 2023 10:17:37 GMT","Apache/2.2.22 (Debian)","PHP/5.4.45-0+deb7u13","OJSSID=j9in8sg5bpqao85k6hfmp2sdk7; path=/; domain=erevistas.saber.ula.ve","no-store","Accept-Encoding","text/html; charset=utf-8","200","OK"
"Thu, 12 Oct 2023 11:14:23 GMT","Apache/2.2.22 (Debian)","PHP/5.4.45-0+deb7u13","OJSSID=4vlqeusti72br05h43d9971nn4; path=/; domain=erevistas.saber.ula.ve","no-store","Accept-Encoding","text/html; charset=utf-8","200","OK"
"Thu, 12 Oct 2023 12:31:50 GMT","Apache/2.2.22 (Debian)","PHP/5.4.45-0+deb7u13","OJSSID=429hrcgvvph6b2tbr2mp8cdn32; path=/; domain=erevistas.saber.ula.ve","no-store","Accept-Encoding","text/html; charset=utf-8","200","OK"
"Thu, 12 Oct 2023 13:20:34 GMT","Apache/2.2.22 (Debian)","PHP/5.4.45-0+deb7u13","OJSSID=mq51105ho0csmatlhk3pbtb727; path=/; domain=erevistas.saber.ula.ve","no-store","Accept-Encoding","text/html; charset=utf-8","200","OK"
"Thu, 12 Oct 2023 14:15:36 GMT","Apache/2.2.22 (Debian)","PHP/5.4.45-0+deb7u13","OJSSID=9ucgdpbnonoaaq45eaa8e4mhe5; path=/; domain=erevistas.saber.ula.ve","no-store","Accept-Encoding","text/html; charset=utf-8","200","OK"
"Thu, 12 Oct 2023 15:17:20 GMT","Apache/2.2.22 (Debian)","PHP/5.4.45-0+deb7u13","OJSSID=859urtr43qhif75qhd3l6skks3; path=/; domain=erevistas.saber.ula.ve","no-store","Accept-Encoding","text/html; charset=utf-8","200","OK"
"Thu, 12 Oct 2023 16:20:58 GMT","Apache/2.2.22 (Debian)","PHP/5.4.45-0+deb7u13","OJSSID=nb4bjnoo8t8r1j5443eq32h8q1; path=/; domain=erevistas.saber.ula.ve","no-store","Accept-Encoding","text/html; charset=utf-8","200","OK"
"Thu, 12 Oct 2023 17:15:13 GMT","Apache/2.2.22 (Debian)","PHP/5.4.45-0+deb7u13","OJSSID=r4ecjtoq4q51nnlsk7lpu1ds44; path=/; domain=erevistas.saber.ula.ve","no-store","Accept-Encoding","text/html; charset=utf-8","200","OK"
FALSE,FALSE,FALSE,FALSE,FALSE,FALSE,FALSE,FALSE,FALSE
FALSE,FALSE,FALSE,FALSE,FALSE,FALSE,FALSE,FALSE,FALSE
FALSE,FALSE,FALSE,FALSE,FALSE,FALSE,FALSE,FALSE,FALSE
"Thu, 12 Oct 2023 21:14:15 GMT","Apache/2.2.22 (Debian)","PHP/5.4.45-0+deb7u13","OJSSID=si6hrr51up0uspkhhjocke6015; path=/; domain=erevistas.saber.ula.ve","no-store","Accept-Encoding","text/html; charset=utf-8","200","OK"
"Thu, 12 Oct 2023 22:16:00 GMT","Apache/2.2.22 (Debian)","PHP/5.4.45-0+deb7u13","OJSSID=2nggnmf4bu5b196sc3hhp0fte4; path=/; domain=erevistas.saber.ula.ve","no-store","Accept-Encoding","text/html; charset=utf-8","200","OK"
"Thu, 12 Oct 2023 23:16:48 GMT","Apache/2.2.22 (Debian)","PHP/5.4.45-0+deb7u13","OJSSID=4c2e32gqb4f184mj23u7nmgkn3; path=/; domain=erevistas.saber.ula.ve","no-store","Accept-Encoding","text/html; charset=utf-8","200","OK"
"Fri, 13 Oct 2023 01:09:29 GMT","Apache/2.2.22 (Debian)","PHP/5.4.45-0+deb7u13","OJSSID=lrltodaso15gob1mboges7pkn0; path=/; domain=erevistas.saber.ula.ve","no-store","Accept-Encoding","text/html; charset=utf-8","200","OK"
"Fri, 13 Oct 2023 02:26:43 GMT","Apache/2.2.22 (Debian)","PHP/5.4.45-0+deb7u13","OJSSID=87v1b9ubtucmn9dj8qt8un86e2; path=/; domain=erevistas.saber.ula.ve","no-store","Accept-Encoding","text/html; charset=utf-8","200","OK"
FALSE,FALSE,FALSE,FALSE,FALSE,FALSE,FALSE,FALSE,FALSE
FALSE,FALSE,FALSE,FALSE,FALSE,FALSE,FALSE,FALSE,FALSE
FALSE,FALSE,FALSE,FALSE,FALSE,FALSE,FALSE,FALSE,FALSE
FALSE,FALSE,FALSE,FALSE,FALSE,FALSE,FALSE,FALSE,FALSE
FALSE,FALSE,FALSE,FALSE,FALSE,FALSE,FALSE,FALSE,FALSE
"Fri, 13 Oct 2023 08:21:10 GMT","Apache/2.2.22 (Debian)","PHP/5.4.45-0+deb7u13","OJSSID=48lqavi2e25i4549afaecp7qh4; path=/; domain=erevistas.saber.ula.ve","no-store","Accept-Encoding","text/html; charset=utf-8","200","OK"
"Fri, 13 Oct 2023 09:17:07 GMT","Apache/2.2.22 (Debian)","PHP/5.4.45-0+deb7u13","OJSSID=vjkmg5cn2th4mnphnc078q8g51; path=/; domain=erevistas.saber.ula.ve","no-store","Accept-Encoding","text/html; charset=utf-8","200","OK"
FALSE,FALSE,FALSE,FALSE,FALSE,FALSE,FALSE,FALSE,FALSE
FALSE,FALSE,FALSE,FALSE,FALSE,FALSE,FALSE,FALSE,FALSE
FALSE,FALSE,FALSE,FALSE,FALSE,FALSE,FALSE,FALSE,FALSE
FALSE,FALSE,FALSE,FALSE,FALSE,FALSE,FALSE,FALSE,FALSE
"Fri, 13 Oct 2023 14:15:18 GMT","Apache/2.2.22 (Debian)","PHP/5.4.45-0+deb7u13","OJSSID=k308td2irvp2tst11nvu4g6o36; path=/; domain=erevistas.saber.ula.ve","no-store","Accept-Encoding","text/html; charset=utf-8","200","OK"
"Fri, 13 Oct 2023 15:17:00 GMT","Apache/2.2.22 (Debian)","PHP/5.4.45-0+deb7u13","OJSSID=a72jsnb4u5g11sb9v77j1kqi92; path=/; domain=erevistas.saber.ula.ve","no-store","Accept-Encoding","text/html; charset=utf-8","200","OK"
"Fri, 13 Oct 2023 16:20:53 GMT","Apache/2.2.22 (Debian)","PHP/5.4.45-0+deb7u13","OJSSID=3nadto7svge2l2t35quroo8hu6; path=/; domain=erevistas.saber.ula.ve","no-store","Accept-Encoding","text/html; charset=utf-8","200","OK"
FALSE,FALSE,FALSE,FALSE,FALSE,FALSE,FALSE,FALSE,FALSE
"Fri, 13 Oct 2023 18:21:32 GMT","Apache/2.2.22 (Debian)","PHP/5.4.45-0+deb7u13","OJSSID=3vo3c2fuasrt809j0vjrju1rq5; path=/; domain=erevistas.saber.ula.ve","no-store","Accept-Encoding","text/html; charset=utf-8","200","OK"
"Fri, 13 Oct 2023 19:13:37 GMT","Apache/2.2.22 (Debian)","PHP/5.4.45-0+deb7u13","OJSSID=jhbvqd8oig5e956fkfk6ju3p94; path=/; domain=erevistas.saber.ula.ve","no-store","Accept-Encoding","text/html; charset=utf-8","200","OK"
"Fri, 13 Oct 2023 20:17:54 GMT","Apache/2.2.22 (Debian)","PHP/5.4.45-0+deb7u13","OJSSID=bgt9vofedhklq5s2qj1n50sgp4; path=/; domain=erevistas.saber.ula.ve","no-store","Accept-Encoding","text/html; charset=utf-8","200","OK"
"Fri, 13 Oct 2023 21:14:34 GMT","Apache/2.2.22 (Debian)","PHP/5.4.45-0+deb7u13","OJSSID=l9rcvq3tnm3gv4fhapj56h9hr0; path=/; domain=erevistas.saber.ula.ve","no-store","Accept-Encoding","text/html; charset=utf-8","200","OK"
"Fri, 13 Oct 2023 22:15:20 GMT","Apache/2.2.22 (Debian)","PHP/5.4.45-0+deb7u13","OJSSID=qp4j4o5i4hdppec4qqqjumlvn5; path=/; domain=erevistas.saber.ula.ve","no-store","Accept-Encoding","text/html; charset=utf-8","200","OK"
FALSE,FALSE,FALSE,FALSE,FALSE,FALSE,FALSE,FALSE,FALSE
"Sat, 14 Oct 2023 01:05:55 GMT","Apache/2.2.22 (Debian)","PHP/5.4.45-0+deb7u13","OJSSID=jm3ndpdpfqv541u7pfpmeklie4; path=/; domain=erevistas.saber.ula.ve","no-store","Accept-Encoding","text/html; charset=utf-8","200","OK"
"Sat, 14 Oct 2023 02:20:05 GMT","Apache/2.2.22 (Debian)","PHP/5.4.45-0+deb7u13","OJSSID=vr9rdhlnfeha46pfq9731dn666; path=/; domain=erevistas.saber.ula.ve","no-store","Accept-Encoding","text/html; charset=utf-8","200","OK"
FALSE,FALSE,FALSE,FALSE,FALSE,FALSE,FALSE,FALSE,FALSE
"Sat, 14 Oct 2023 04:18:48 GMT","Apache/2.2.22 (Debian)","PHP/5.4.45-0+deb7u13","OJSSID=8263t3uj2apnn63g2mirudo3t5; path=/; domain=erevistas.saber.ula.ve","no-store","Accept-Encoding","text/html; charset=utf-8","200","OK"
"Sat, 14 Oct 2023 05:14:10 GMT","Apache/2.2.22 (Debian)","PHP/5.4.45-0+deb7u13","OJSSID=l533f43u1sib3q5jtppo15b6a3; path=/; domain=erevistas.saber.ula.ve","no-store","Accept-Encoding","text/html; charset=utf-8","200","OK"
"Sat, 14 Oct 2023 06:20:10 GMT","Apache/2.2.22 (Debian)","PHP/5.4.45-0+deb7u13","OJSSID=hkqp15k5craqo5guo17ko405t4; path=/; domain=erevistas.saber.ula.ve","no-store","Accept-Encoding","text/html; charset=utf-8","200","OK"
FALSE,FALSE,FALSE,FALSE,FALSE,FALSE,FALSE,FALSE,FALSE
"Sat, 14 Oct 2023 08:19:12 GMT","Apache/2.2.22 (Debian)","PHP/5.4.45-0+deb7u13","OJSSID=02b70lshumv12dvc0a1sl0goq0; path=/; domain=erevistas.saber.ula.ve","no-store","Accept-Encoding","text/html; charset=utf-8","200","OK"
"Sat, 14 Oct 2023 09:14:17 GMT","Apache/2.2.22 (Debian)","PHP/5.4.45-0+deb7u13","OJSSID=6a51m803vkl2f2aqj4fmmf3er7; path=/; domain=erevistas.saber.ula.ve","no-store","Accept-Encoding","text/html; charset=utf-8","200","OK"
"Sat, 14 Oct 2023 10:15:33 GMT","Apache/2.2.22 (Debian)","PHP/5.4.45-0+deb7u13","OJSSID=f1rp6bdmaq57k25ofs2gaqflf0; path=/; domain=erevistas.saber.ula.ve","no-store","Accept-Encoding","text/html; charset=utf-8","200","OK"
"Sat, 14 Oct 2023 11:13:16 GMT","Apache/2.2.22 (Debian)","PHP/5.4.45-0+deb7u13","OJSSID=us1usmp1jppicb0bl8ce5mc022; path=/; domain=erevistas.saber.ula.ve","no-store","Accept-Encoding","text/html; charset=utf-8","200","OK"
"Sat, 14 Oct 2023 12:28:39 GMT","Apache/2.2.22 (Debian)","PHP/5.4.45-0+deb7u13","OJSSID=shvq3ghsn5s8746rjs03h5g772; path=/; domain=erevistas.saber.ula.ve","no-store","Accept-Encoding","text/html; charset=utf-8","200","OK"
"Sat, 14 Oct 2023 13:17:48 GMT","Apache/2.2.22 (Debian)","PHP/5.4.45-0+deb7u13","OJSSID=7kvq04282j9sunp1dn12eoj5o4; path=/; domain=erevistas.saber.ula.ve","no-store","Accept-Encoding","text/html; charset=utf-8","200","OK"
"Sat, 14 Oct 2023 14:13:20 GMT","Apache/2.2.22 (Debian)","PHP/5.4.45-0+deb7u13","OJSSID=nmv1srdakgmjpf40fsi0ij51l4; path=/; domain=erevistas.saber.ula.ve","no-store","Accept-Encoding","text/html; charset=utf-8","200","OK"
"Sat, 14 Oct 2023 15:14:50 GMT","Apache/2.2.22 (Debian)","PHP/5.4.45-0+deb7u13","OJSSID=ghcif4eha0b5uuerdbp6l4ck87; path=/; domain=erevistas.saber.ula.ve","no-store","Accept-Encoding","text/html; charset=utf-8","200","OK"
"Sat, 14 Oct 2023 16:19:11 GMT","Apache/2.2.22 (Debian)","PHP/5.4.45-0+deb7u13","OJSSID=d6gd70pcd1e5p2pr9ooeplmf00; path=/; domain=erevistas.saber.ula.ve","no-store","Accept-Encoding","text/html; charset=utf-8","200","OK"
"Sat, 14 Oct 2023 17:13:22 GMT","Apache/2.2.22 (Debian)","PHP/5.4.45-0+deb7u13","OJSSID=n76cm7di1jsnrvelnu61vtc8g2; path=/; domain=erevistas.saber.ula.ve","no-store","Accept-Encoding","text/html; charset=utf-8","200","OK"
"Sat, 14 Oct 2023 18:19:38 GMT","Apache/2.2.22 (Debian)","PHP/5.4.45-0+deb7u13","OJSSID=tqpj6m0q1k6bn8vdnrqragad64; path=/; domain=erevistas.saber.ula.ve","no-store","Accept-Encoding","text/html; charset=utf-8","200","OK"
FALSE,FALSE,FALSE,FALSE,FALSE,FALSE,FALSE,FALSE,FALSE
FALSE,FALSE,FALSE,FALSE,FALSE,FALSE,FALSE,FALSE,FALSE
FALSE,FALSE,FALSE,FALSE,FALSE,FALSE,FALSE,FALSE,FALSE
"Sat, 14 Oct 2023 22:14:05 GMT","Apache/2.2.22 (Debian)","PHP/5.4.45-0+deb7u13","OJSSID=esd4o7r8ujg7pftj56d0ci39g5; path=/; domain=erevistas.saber.ula.ve","no-store","Accept-Encoding","text/html; charset=utf-8","200","OK"
"Sat, 14 Oct 2023 23:14:57 GMT","Apache/2.2.22 (Debian)","PHP/5.4.45-0+deb7u13","OJSSID=jcveu4577hovbhtdp27tpgi6e6; path=/; domain=erevistas.saber.ula.ve","no-store","Accept-Encoding","text/html; charset=utf-8","200","OK"
"Sun, 15 Oct 2023 01:12:14 GMT","Apache/2.2.22 (Debian)","PHP/5.4.45-0+deb7u13","OJSSID=0h373bh6q8mvc5fmo4s5vu6at5; path=/; domain=erevistas.saber.ula.ve","no-store","Accept-Encoding","text/html; charset=utf-8","200","OK"
"Sun, 15 Oct 2023 02:25:01 GMT","Apache/2.2.22 (Debian)","PHP/5.4.45-0+deb7u13","OJSSID=qv1if5klhjrnampqh52dchc454; path=/; domain=erevistas.saber.ula.ve","no-store","Accept-Encoding","text/html; charset=utf-8","200","OK"
FALSE,FALSE,FALSE,FALSE,FALSE,FALSE,FALSE,FALSE,FALSE
FALSE,FALSE,FALSE,FALSE,FALSE,FALSE,FALSE,FALSE,FALSE
"Sun, 15 Oct 2023 05:14:59 GMT","Apache/2.2.22 (Debian)","PHP/5.4.45-0+deb7u13","OJSSID=buq9urd8t63retal0bmkirqbh0; path=/; domain=erevistas.saber.ula.ve","no-store","Accept-Encoding","text/html; charset=utf-8","200","OK"
"Sun, 15 Oct 2023 06:20:24 GMT","Apache/2.2.22 (Debian)","PHP/5.4.45-0+deb7u13","OJSSID=ee8t7sj451umeu0itd7tc2f1m5; path=/; domain=erevistas.saber.ula.ve","no-store","Accept-Encoding","text/html; charset=utf-8","200","OK"
"Sun, 15 Oct 2023 07:13:53 GMT","Apache/2.2.22 (Debian)","PHP/5.4.45-0+deb7u13","OJSSID=btnn42kmfmb7j8qomsa13n68q1; path=/; domain=erevistas.saber.ula.ve","no-store","Accept-Encoding","text/html; charset=utf-8","200","OK"
"Sun, 15 Oct 2023 08:18:40 GMT","Apache/2.2.22 (Debian)","PHP/5.4.45-0+deb7u13","OJSSID=ps3rsobetdj00utg20i4s26a60; path=/; domain=erevistas.saber.ula.ve","no-store","Accept-Encoding","text/html; charset=utf-8","200","OK"
"Sun, 15 Oct 2023 09:14:39 GMT","Apache/2.2.22 (Debian)","PHP/5.4.45-0+deb7u13","OJSSID=eoivt56m50q1cia3kkepnsti17; path=/; domain=erevistas.saber.ula.ve","no-store","Accept-Encoding","text/html; charset=utf-8","200","OK"
"Sun, 15 Oct 2023 10:15:52 GMT","Apache/2.2.22 (Debian)","PHP/5.4.45-0+deb7u13","OJSSID=tmki96hc9qu6c10ggae4a98s55; path=/; domain=erevistas.saber.ula.ve","no-store","Accept-Encoding","text/html; charset=utf-8","200","OK"
"Sun, 15 Oct 2023 11:13:08 GMT","Apache/2.2.22 (Debian)","PHP/5.4.45-0+deb7u13","OJSSID=5cebtlq5uv7g6q6jq9g95h8g54; path=/; domain=erevistas.saber.ula.ve","no-store","Accept-Encoding","text/html; charset=utf-8","200","OK"
"Sun, 15 Oct 2023 12:28:55 GMT","Apache/2.2.22 (Debian)","PHP/5.4.45-0+deb7u13","OJSSID=r6pkgsil1pln3ac7paej8320m3; path=/; domain=erevistas.saber.ula.ve","no-store","Accept-Encoding","text/html; charset=utf-8","200","OK"
"Sun, 15 Oct 2023 13:17:41 GMT","Apache/2.2.22 (Debian)","PHP/5.4.45-0+deb7u13","OJSSID=0bm74t6ov6ne1b3abuqi7b77v1; path=/; domain=erevistas.saber.ula.ve","no-store","Accept-Encoding","text/html; charset=utf-8","200","OK"
"Sun, 15 Oct 2023 14:14:00 GMT","Apache/2.2.22 (Debian)","PHP/5.4.45-0+deb7u13","OJSSID=dc563o766tcbq1qu31th4i0si7; path=/; domain=erevistas.saber.ula.ve","no-store","Accept-Encoding","text/html; charset=utf-8","200","OK"
"Sun, 15 Oct 2023 15:14:41 GMT","Apache/2.2.22 (Debian)","PHP/5.4.45-0+deb7u13","OJSSID=ooce5b8ft5352i25us00qvqt22; path=/; domain=erevistas.saber.ula.ve","no-store","Accept-Encoding","text/html; charset=utf-8","200","OK"
"Sun, 15 Oct 2023 16:18:49 GMT","Apache/2.2.22 (Debian)","PHP/5.4.45-0+deb7u13","OJSSID=fb36356l79ga7klhdl6rvmb774; path=/; domain=erevistas.saber.ula.ve","no-store","Accept-Encoding","text/html; charset=utf-8","200","OK"
"Sun, 15 Oct 2023 17:13:42 GMT","Apache/2.2.22 (Debian)","PHP/5.4.45-0+deb7u13","OJSSID=vk846hkubqf9vb4mqnvij7vcq7; path=/; domain=erevistas.saber.ula.ve","no-store","Accept-Encoding","text/html; charset=utf-8","200","OK"
"Sun, 15 Oct 2023 18:19:24 GMT","Apache/2.2.22 (Debian)","PHP/5.4.45-0+deb7u13","OJSSID=n8p9jitko9377rdqe3rbc1r4a1; path=/; domain=erevistas.saber.ula.ve","no-store","Accept-Encoding","text/html; charset=utf-8","200","OK"
"Sun, 15 Oct 2023 19:12:15 GMT","Apache/2.2.22 (Debian)","PHP/5.4.45-0+deb7u13","OJSSID=lchijntjb0htuakhrb76uvql41; path=/; domain=erevistas.saber.ula.ve","no-store","Accept-Encoding","text/html; charset=utf-8","200","OK"
"Sun, 15 Oct 2023 20:16:41 GMT","Apache/2.2.22 (Debian)","PHP/5.4.45-0+deb7u13","OJSSID=sff7d0fc2v0p5l5finelof0b97; path=/; domain=erevistas.saber.ula.ve","no-store","Accept-Encoding","text/html; charset=utf-8","200","OK"
"Sun, 15 Oct 2023 21:13:02 GMT","Apache/2.2.22 (Debian)","PHP/5.4.45-0+deb7u13","OJSSID=fa1smslctp24s88h0emlgap8i1; path=/; domain=erevistas.saber.ula.ve","no-store","Accept-Encoding","text/html; charset=utf-8","200","OK"
"Sun, 15 Oct 2023 22:14:18 GMT","Apache/2.2.22 (Debian)","PHP/5.4.45-0+deb7u13","OJSSID=eoeh9mn39qshbmbm14e4ovkte2; path=/; domain=erevistas.saber.ula.ve","no-store","Accept-Encoding","text/html; charset=utf-8","200","OK"
FALSE,FALSE,FALSE,FALSE,FALSE,FALSE,FALSE,FALSE,FALSE
"Mon, 16 Oct 2023 01:09:28 GMT","Apache/2.2.22 (Debian)","PHP/5.4.45-0+deb7u13","OJSSID=93rij7tdiarj51pfdvapbn5mb6; path=/; domain=erevistas.saber.ula.ve","no-store","Accept-Encoding","text/html; charset=utf-8","200","OK"
"Mon, 16 Oct 2023 02:24:59 GMT","Apache/2.2.22 (Debian)","PHP/5.4.45-0+deb7u13","OJSSID=jd06colh5qdu9ln4ua8mggffj4; path=/; domain=erevistas.saber.ula.ve","no-store","Accept-Encoding","text/html; charset=utf-8","200","OK"
"Mon, 16 Oct 2023 03:17:21 GMT","Apache/2.2.22 (Debian)","PHP/5.4.45-0+deb7u13","OJSSID=c8km472p0dv37gq4rdv18p7r46; path=/; domain=erevistas.saber.ula.ve","no-store","Accept-Encoding","text/html; charset=utf-8","200","OK"
"Mon, 16 Oct 2023 04:19:31 GMT","Apache/2.2.22 (Debian)","PHP/5.4.45-0+deb7u13","OJSSID=mto4nuan2lp8g425elq26cqka0; path=/; domain=erevistas.saber.ula.ve","no-store","Accept-Encoding","text/html; charset=utf-8","200","OK"
"Mon, 16 Oct 2023 05:15:57 GMT","Apache/2.2.22 (Debian)","PHP/5.4.45-0+deb7u13","OJSSID=2su3p0j7c0qo02bvgr038iu8m3; path=/; domain=erevistas.saber.ula.ve","no-store","Accept-Encoding","text/html; charset=utf-8","200","OK"
"Mon, 16 Oct 2023 06:22:28 GMT","Apache/2.2.22 (Debian)","PHP/5.4.45-0+deb7u13","OJSSID=9ljneuhov43kg4gp231vbbdpq3; path=/; domain=erevistas.saber.ula.ve","no-store","Accept-Encoding","text/html; charset=utf-8","200","OK"
FALSE,FALSE,FALSE,FALSE,FALSE,FALSE,FALSE,FALSE,FALSE
FALSE,FALSE,FALSE,FALSE,FALSE,FALSE,FALSE,FALSE,FALSE
FALSE,FALSE,FALSE,FALSE,FALSE,FALSE,FALSE,FALSE,FALSE
FALSE,FALSE,FALSE,FALSE,FALSE,FALSE,FALSE,FALSE,FALSE
"Mon, 16 Oct 2023 11:14:03 GMT","Apache/2.2.22 (Debian)","PHP/5.4.45-0+deb7u13","OJSSID=h67lm1831dsc3ho796d2q430v2; path=/; domain=erevistas.saber.ula.ve","no-store","Accept-Encoding","text/html; charset=utf-8","200","OK"
"Mon, 16 Oct 2023 12:32:32 GMT","Apache/2.2.22 (Debian)","PHP/5.4.45-0+deb7u13","OJSSID=tahfrq857de7e13prlk8tv50j6; path=/; domain=erevistas.saber.ula.ve","no-store","Accept-Encoding","text/html; charset=utf-8","200","OK"
"Mon, 16 Oct 2023 13:21:01 GMT","Apache/2.2.22 (Debian)","PHP/5.4.45-0+deb7u13","OJSSID=sg2elc835b04f5ejin846t86q5; path=/; domain=erevistas.saber.ula.ve","no-store","Accept-Encoding","text/html; charset=utf-8","200","OK"
"Mon, 16 Oct 2023 14:16:14 GMT","Apache/2.2.22 (Debian)","PHP/5.4.45-0+deb7u13","OJSSID=qtgmn6qpvef936c4v540cmavj3; path=/; domain=erevistas.saber.ula.ve","no-store","Accept-Encoding","text/html; charset=utf-8","200","OK"
"Mon, 16 Oct 2023 15:16:27 GMT","Apache/2.2.22 (Debian)","PHP/5.4.45-0+deb7u13","OJSSID=gc6adeirsel63iqre83ltuq6q4; path=/; domain=erevistas.saber.ula.ve","no-store","Accept-Encoding","text/html; charset=utf-8","200","OK"
"Mon, 16 Oct 2023 16:22:14 GMT","Apache/2.2.22 (Debian)","PHP/5.4.45-0+deb7u13","OJSSID=daa1uoqin5rbj47qlh0gbiuge2; path=/; domain=erevistas.saber.ula.ve","no-store","Accept-Encoding","text/html; charset=utf-8","200","OK"
"Mon, 16 Oct 2023 17:15:00 GMT","Apache/2.2.22 (Debian)","PHP/5.4.45-0+deb7u13","OJSSID=oq3e6qqntrrr1t53cp7k82jlp4; path=/; domain=erevistas.saber.ula.ve","no-store","Accept-Encoding","text/html; charset=utf-8","200","OK"
"Mon, 16 Oct 2023 18:22:02 GMT","Apache/2.2.22 (Debian)","PHP/5.4.45-0+deb7u13","OJSSID=j04toac2f48hecrugrn7krnl97; path=/; domain=erevistas.saber.ula.ve","no-store","Accept-Encoding","text/html; charset=utf-8","200","OK"
FALSE,FALSE,FALSE,FALSE,FALSE,FALSE,FALSE,FALSE,FALSE
FALSE,FALSE,FALSE,FALSE,FALSE,FALSE,FALSE,FALSE,FALSE
FALSE,FALSE,FALSE,FALSE,FALSE,FALSE,FALSE,FALSE,FALSE
FALSE,FALSE,FALSE,FALSE,FALSE,FALSE,FALSE,FALSE,FALSE
"Mon, 16 Oct 2023 23:15:46 GMT","Apache/2.2.22 (Debian)","PHP/5.4.45-0+deb7u13","OJSSID=4h3v0ogdjhj3jdshm5f376fjc4; path=/; domain=erevistas.saber.ula.ve","no-store","Accept-Encoding","text/html; charset=utf-8","200","OK"
"Tue, 17 Oct 2023 01:08:24 GMT","Apache/2.2.22 (Debian)","PHP/5.4.45-0+deb7u13","OJSSID=7q7ptv82iv8avelpibnodoipb7; path=/; domain=erevistas.saber.ula.ve","no-store","Accept-Encoding","text/html; charset=utf-8","200","OK"
"Tue, 17 Oct 2023 02:23:39 GMT","Apache/2.2.22 (Debian)","PHP/5.4.45-0+deb7u13","OJSSID=b0e6uutasolmqom2u3gma2t9v7; path=/; domain=erevistas.saber.ula.ve","no-store","Accept-Encoding","text/html; charset=utf-8","200","OK"
FALSE,FALSE,FALSE,FALSE,FALSE,FALSE,FALSE,FALSE,FALSE
FALSE,FALSE,FALSE,FALSE,FALSE,FALSE,FALSE,FALSE,FALSE
FALSE,FALSE,FALSE,FALSE,FALSE,FALSE,FALSE,FALSE,FALSE
FALSE,FALSE,FALSE,FALSE,FALSE,FALSE,FALSE,FALSE,FALSE
FALSE,FALSE,FALSE,FALSE,FALSE,FALSE,FALSE,FALSE,FALSE
FALSE,FALSE,FALSE,FALSE,FALSE,FALSE,FALSE,FALSE,FALSE
FALSE,FALSE,FALSE,FALSE,FALSE,FALSE,FALSE,FALSE,FALSE
FALSE,FALSE,FALSE,FALSE,FALSE,FALSE,FALSE,FALSE,FALSE
FALSE,FALSE,FALSE,FALSE,FALSE,FALSE,FALSE,FALSE,FALSE
"Tue, 17 Oct 2023 12:32:06 GMT","Apache/2.2.22 (Debian)","PHP/5.4.45-0+deb7u13","OJSSID=haoempp092chcgjckfujp0fg67; path=/; domain=erevistas.saber.ula.ve","no-store","Accept-Encoding","text/html; charset=utf-8","200","OK"
"Tue, 17 Oct 2023 13:20:45 GMT","Apache/2.2.22 (Debian)","PHP/5.4.45-0+deb7u13","OJSSID=v9urrcqcpl8evoq7n5i5bfl9n2; path=/; domain=erevistas.saber.ula.ve","no-store","Accept-Encoding","text/html; charset=utf-8","200","OK"
"Tue, 17 Oct 2023 14:15:24 GMT","Apache/2.2.22 (Debian)","PHP/5.4.45-0+deb7u13","OJSSID=fqn408bi67cu34vgsavfcs5gs2; path=/; domain=erevistas.saber.ula.ve","no-store","Accept-Encoding","text/html; charset=utf-8","200","OK"
"Tue, 17 Oct 2023 15:17:22 GMT","Apache/2.2.22 (Debian)","PHP/5.4.45-0+deb7u13","OJSSID=3ou2qa6p37nr50t1dl13qri283; path=/; domain=erevistas.saber.ula.ve","no-store","Accept-Encoding","text/html; charset=utf-8","200","OK"
"Tue, 17 Oct 2023 16:21:16 GMT","Apache/2.2.22 (Debian)","PHP/5.4.45-0+deb7u13","OJSSID=095aofbvvj4avq55i5p8u4ha92; path=/; domain=erevistas.saber.ula.ve","no-store","Accept-Encoding","text/html; charset=utf-8","200","OK"
"Tue, 17 Oct 2023 17:14:42 GMT","Apache/2.2.22 (Debian)","PHP/5.4.45-0+deb7u13","OJSSID=4a92qdk2grr1jn6jbfqvqa4on1; path=/; domain=erevistas.saber.ula.ve","no-store","Accept-Encoding","text/html; charset=utf-8","200","OK"
"Tue, 17 Oct 2023 18:22:10 GMT","Apache/2.2.22 (Debian)","PHP/5.4.45-0+deb7u13","OJSSID=dub1m8nv7gk1ahogtg920anug6; path=/; domain=erevistas.saber.ula.ve","no-store","Accept-Encoding","text/html; charset=utf-8","200","OK"
FALSE,FALSE,FALSE,FALSE,FALSE,FALSE,FALSE,FALSE,FALSE
"Tue, 17 Oct 2023 20:17:34 GMT","Apache/2.2.22 (Debian)","PHP/5.4.45-0+deb7u13","OJSSID=r07as8b6gau5o4p1gi85k8ek11; path=/; domain=erevistas.saber.ula.ve","no-store","Accept-Encoding","text/html; charset=utf-8","200","OK"
"Tue, 17 Oct 2023 21:14:24 GMT","Apache/2.2.22 (Debian)","PHP/5.4.45-0+deb7u13","OJSSID=d6nkf2dt72ac1nht3demg8omv4; path=/; domain=erevistas.saber.ula.ve","no-store","Accept-Encoding","text/html; charset=utf-8","200","OK"
"Tue, 17 Oct 2023 22:15:47 GMT","Apache/2.2.22 (Debian)","PHP/5.4.45-0+deb7u13","OJSSID=a0snaaqhqip4flgavs7nebe9k5; path=/; domain=erevistas.saber.ula.ve","no-store","Accept-Encoding","text/html; charset=utf-8","200","OK"
"Tue, 17 Oct 2023 23:15:56 GMT","Apache/2.2.22 (Debian)","PHP/5.4.45-0+deb7u13","OJSSID=su0boibu2o5al211g8lo0u5s82; path=/; domain=erevistas.saber.ula.ve","no-store","Accept-Encoding","text/html; charset=utf-8","200","OK"
"Wed, 18 Oct 2023 01:08:51 GMT","Apache/2.2.22 (Debian)","PHP/5.4.45-0+deb7u13","OJSSID=bi7qjh82lo62r78j7vq4h5ojg1; path=/; domain=erevistas.saber.ula.ve","no-store","Accept-Encoding","text/html; charset=utf-8","200","OK"
"Wed, 18 Oct 2023 02:23:43 GMT","Apache/2.2.22 (Debian)","PHP/5.4.45-0+deb7u13","OJSSID=pee5h5471657he1jev27e5a146; path=/; domain=erevistas.saber.ula.ve","no-store","Accept-Encoding","text/html; charset=utf-8","200","OK"
"Wed, 18 Oct 2023 03:16:48 GMT","Apache/2.2.22 (Debian)","PHP/5.4.45-0+deb7u13","OJSSID=ifo5c1fphk130ea1d7jief2j37; path=/; domain=erevistas.saber.ula.ve","no-store","Accept-Encoding","text/html; charset=utf-8","200","OK"
"Wed, 18 Oct 2023 04:19:12 GMT","Apache/2.2.22 (Debian)","PHP/5.4.45-0+deb7u13","OJSSID=3ke2p5dngptk065luv3a1temj4; path=/; domain=erevistas.saber.ula.ve","no-store","Accept-Encoding","text/html; charset=utf-8","200","OK"
"Wed, 18 Oct 2023 05:15:14 GMT","Apache/2.2.22 (Debian)","PHP/5.4.45-0+deb7u13","OJSSID=06k4ofp6ar3hkni0sbr425cmu2; path=/; domain=erevistas.saber.ula.ve","no-store","Accept-Encoding","text/html; charset=utf-8","200","OK"
"Wed, 18 Oct 2023 06:21:57 GMT","Apache/2.2.22 (Debian)","PHP/5.4.45-0+deb7u13","OJSSID=osug2uvj16c7a7877e5l66v1p6; path=/; domain=erevistas.saber.ula.ve","no-store","Accept-Encoding","text/html; charset=utf-8","200","OK"
FALSE,FALSE,FALSE,FALSE,FALSE,FALSE,FALSE,FALSE,FALSE
FALSE,FALSE,FALSE,FALSE,FALSE,FALSE,FALSE,FALSE,FALSE
FALSE,FALSE,FALSE,FALSE,FALSE,FALSE,FALSE,FALSE,FALSE
FALSE,FALSE,FALSE,FALSE,FALSE,FALSE,FALSE,FALSE,FALSE
"Wed, 18 Oct 2023 11:13:45 GMT","Apache/2.2.22 (Debian)","PHP/5.4.45-0+deb7u13","OJSSID=bvu1kjs09tbfegh13jdqf84oo5; path=/; domain=erevistas.saber.ula.ve","no-store","Accept-Encoding","text/html; charset=utf-8","200","OK"
"Wed, 18 Oct 2023 12:32:24 GMT","Apache/2.2.22 (Debian)","PHP/5.4.45-0+deb7u13","OJSSID=7cnsgn4c8por5lloqv426mla67; path=/; domain=erevistas.saber.ula.ve","no-store","Accept-Encoding","text/html; charset=utf-8","200","OK"
"Wed, 18 Oct 2023 13:20:36 GMT","Apache/2.2.22 (Debian)","PHP/5.4.45-0+deb7u13","OJSSID=ok01cs65s446hr33e1pfbl8jg3; path=/; domain=erevistas.saber.ula.ve","no-store","Accept-Encoding","text/html; charset=utf-8","200","OK"
"Wed, 18 Oct 2023 14:15:38 GMT","Apache/2.2.22 (Debian)","PHP/5.4.45-0+deb7u13","OJSSID=u1ihnaaj2jm58k718li9lquvq1; path=/; domain=erevistas.saber.ula.ve","no-store","Accept-Encoding","text/html; charset=utf-8","200","OK"
"Wed, 18 Oct 2023 15:17:30 GMT","Apache/2.2.22 (Debian)","PHP/5.4.45-0+deb7u13","OJSSID=r1pfakv3vrcl82fs4r5loaq8l2; path=/; domain=erevistas.saber.ula.ve","no-store","Accept-Encoding","text/html; charset=utf-8","200","OK"
FALSE,FALSE,FALSE,FALSE,FALSE,FALSE,FALSE,FALSE,FALSE
"Wed, 18 Oct 2023 17:15:38 GMT","Apache/2.2.22 (Debian)","PHP/5.4.45-0+deb7u13","OJSSID=3crh2ck7htt4il12e7q26ce537; path=/; domain=erevistas.saber.ula.ve","no-store","Accept-Encoding","text/html; charset=utf-8","200","OK"
"Wed, 18 Oct 2023 18:22:09 GMT","Apache/2.2.22 (Debian)","PHP/5.4.45-0+deb7u13","OJSSID=mujss6v5p8140rbbu0bs8bkik0; path=/; domain=erevistas.saber.ula.ve","no-store","Accept-Encoding","text/html; charset=utf-8","200","OK"
FALSE,FALSE,FALSE,FALSE,FALSE,FALSE,FALSE,FALSE,FALSE
"Wed, 18 Oct 2023 20:16:56 GMT","Apache/2.2.22 (Debian)","PHP/5.4.45-0+deb7u13","OJSSID=3u2nqk7k46qmm0mbrn1jsqt3b0; path=/; domain=erevistas.saber.ula.ve","no-store","Accept-Encoding","text/html; charset=utf-8","200","OK"
FALSE,FALSE,FALSE,FALSE,FALSE,FALSE,FALSE,FALSE,FALSE
"Wed, 18 Oct 2023 22:15:30 GMT","Apache/2.2.22 (Debian)","PHP/5.4.45-0+deb7u13","OJSSID=5sr5b8g643b6fvms77f7kvojo1; path=/; domain=erevistas.saber.ula.ve","no-store","Accept-Encoding","text/html; charset=utf-8","200","OK"
"Wed, 18 Oct 2023 23:15:42 GMT","Apache/2.2.22 (Debian)","PHP/5.4.45-0+deb7u13","OJSSID=e1ffog06pjcmqfl3onu5kg6ro7; path=/; domain=erevistas.saber.ula.ve","no-store","Accept-Encoding","text/html; charset=utf-8","200","OK"
"Thu, 19 Oct 2023 01:08:17 GMT","Apache/2.2.22 (Debian)","PHP/5.4.45-0+deb7u13","OJSSID=feks288im7eas61apmp7up9214; path=/; domain=erevistas.saber.ula.ve","no-store","Accept-Encoding","text/html; charset=utf-8","200","OK"
"Thu, 19 Oct 2023 02:22:53 GMT","Apache/2.2.22 (Debian)","PHP/5.4.45-0+deb7u13","OJSSID=jlfeues3hgh3cncraqc5euf6k2; path=/; domain=erevistas.saber.ula.ve","no-store","Accept-Encoding","text/html; charset=utf-8","200","OK"
FALSE,FALSE,FALSE,FALSE,FALSE,FALSE,FALSE,FALSE,FALSE
FALSE,FALSE,FALSE,FALSE,FALSE,FALSE,FALSE,FALSE,FALSE
FALSE,FALSE,FALSE,FALSE,FALSE,FALSE,FALSE,FALSE,FALSE
FALSE,FALSE,FALSE,FALSE,FALSE,FALSE,FALSE,FALSE,FALSE
FALSE,FALSE,FALSE,FALSE,FALSE,FALSE,FALSE,FALSE,FALSE
"Thu, 19 Oct 2023 08:20:58 GMT","Apache/2.2.22 (Debian)","PHP/5.4.45-0+deb7u13","OJSSID=97r5ml06trti44l6u2e2t7j507; path=/; domain=erevistas.saber.ula.ve","no-store","Accept-Encoding","text/html; charset=utf-8","200","OK"
"Thu, 19 Oct 2023 09:16:23 GMT","Apache/2.2.22 (Debian)","PHP/5.4.45-0+deb7u13","OJSSID=khdo77k0061aplf17l7h1h2r91; path=/; domain=erevistas.saber.ula.ve","no-store","Accept-Encoding","text/html; charset=utf-8","200","OK"
"Thu, 19 Oct 2023 10:17:15 GMT","Apache/2.2.22 (Debian)","PHP/5.4.45-0+deb7u13","OJSSID=c24bd9uskvbsv7fjd5llbjknd0; path=/; domain=erevistas.saber.ula.ve","no-store","Accept-Encoding","text/html; charset=utf-8","200","OK"
"Thu, 19 Oct 2023 11:14:01 GMT","Apache/2.2.22 (Debian)","PHP/5.4.45-0+deb7u13","OJSSID=lg00b74ekeoeaofe9jtmfj4ha3; path=/; domain=erevistas.saber.ula.ve","no-store","Accept-Encoding","text/html; charset=utf-8","200","OK"
"Thu, 19 Oct 2023 12:32:13 GMT","Apache/2.2.22 (Debian)","PHP/5.4.45-0+deb7u13","OJSSID=rjdtesk0trq6952ekh1ijkvi41; path=/; domain=erevistas.saber.ula.ve","no-store","Accept-Encoding","text/html; charset=utf-8","200","OK"
"Thu, 19 Oct 2023 13:20:45 GMT","Apache/2.2.22 (Debian)","PHP/5.4.45-0+deb7u13","OJSSID=4tguggrgieddchtrthcasgbsu1; path=/; domain=erevistas.saber.ula.ve","no-store","Accept-Encoding","text/html; charset=utf-8","200","OK"
"Thu, 19 Oct 2023 14:15:51 GMT","Apache/2.2.22 (Debian)","PHP/5.4.45-0+deb7u13","OJSSID=bcloklu922d4itsqqtj2lk5p90; path=/; domain=erevistas.saber.ula.ve","no-store","Accept-Encoding","text/html; charset=utf-8","200","OK"
"Thu, 19 Oct 2023 15:16:55 GMT","Apache/2.2.22 (Debian)","PHP/5.4.45-0+deb7u13","OJSSID=oook519tr09975sr0l69e7e8h4; path=/; domain=erevistas.saber.ula.ve","no-store","Accept-Encoding","text/html; charset=utf-8","200","OK"
"Thu, 19 Oct 2023 16:21:07 GMT","Apache/2.2.22 (Debian)","PHP/5.4.45-0+deb7u13","OJSSID=tqesbntiadnpe6rdt805s5sjn0; path=/; domain=erevistas.saber.ula.ve","no-store","Accept-Encoding","text/html; charset=utf-8","200","OK"
"Thu, 19 Oct 2023 17:14:49 GMT","Apache/2.2.22 (Debian)","PHP/5.4.45-0+deb7u13","OJSSID=mgouqt17ns0c0b5n0trjh32qq6; path=/; domain=erevistas.saber.ula.ve","no-store","Accept-Encoding","text/html; charset=utf-8","200","OK"
"Thu, 19 Oct 2023 18:21:48 GMT","Apache/2.2.22 (Debian)","PHP/5.4.45-0+deb7u13","OJSSID=ip6e89krmgeisce9i71sq9u3f6; path=/; domain=erevistas.saber.ula.ve","no-store","Accept-Encoding","text/html; charset=utf-8","200","OK"
FALSE,FALSE,FALSE,FALSE,FALSE,FALSE,FALSE,FALSE,FALSE
"Thu, 19 Oct 2023 20:17:32 GMT","Apache/2.2.22 (Debian)","PHP/5.4.45-0+deb7u13","OJSSID=7qrab4dn8f3tj54lfoqd7vv2h7; path=/; domain=erevistas.saber.ula.ve","no-store","Accept-Encoding","text/html; charset=utf-8","200","OK"
"Thu, 19 Oct 2023 21:13:45 GMT","Apache/2.2.22 (Debian)","PHP/5.4.45-0+deb7u13","OJSSID=9mhukd2aet7ou21mitf9j0jjd7; path=/; domain=erevistas.saber.ula.ve","no-store","Accept-Encoding","text/html; charset=utf-8","200","OK"
"Thu, 19 Oct 2023 22:14:57 GMT","Apache/2.2.22 (Debian)","PHP/5.4.45-0+deb7u13","OJSSID=8qnekr5akpb4e7kjflchkjjrd3; path=/; domain=erevistas.saber.ula.ve","no-store","Accept-Encoding","text/html; charset=utf-8","200","OK"
FALSE,FALSE,FALSE,FALSE,FALSE,FALSE,FALSE,FALSE,FALSE
FALSE,FALSE,FALSE,FALSE,FALSE,FALSE,FALSE,FALSE,FALSE
FALSE,FALSE,FALSE,FALSE,FALSE,FALSE,FALSE,FALSE,FALSE
"Fri, 20 Oct 2023 03:16:46 GMT","Apache/2.2.22 (Debian)","PHP/5.4.45-0+deb7u13","Accept-Encoding","text/html","200","OK","Fri, 20 Oct 2023 03:16:46 GMT","Apache/2.2.22 (Debian)"
"Fri, 20 Oct 2023 04:19:23 GMT","Apache/2.2.22 (Debian)","PHP/5.4.45-0+deb7u13","OJSSID=o3f79kuh08t3bhr60ht0juohc0; path=/; domain=erevistas.saber.ula.ve","no-store","Accept-Encoding","text/html; charset=utf-8","200","OK"
"Fri, 20 Oct 2023 05:15:02 GMT","Apache/2.2.22 (Debian)","PHP/5.4.45-0+deb7u13","OJSSID=4nvth910ia0815g9j2ddtq3152; path=/; domain=erevistas.saber.ula.ve","no-store","Accept-Encoding","text/html; charset=utf-8","200","OK"
"Fri, 20 Oct 2023 06:21:29 GMT","Apache/2.2.22 (Debian)","PHP/5.4.45-0+deb7u13","OJSSID=mfvdekk8ijkp4c7rununkaf6v3; path=/; domain=erevistas.saber.ula.ve","no-store","Accept-Encoding","text/html; charset=utf-8","200","OK"
FALSE,FALSE,FALSE,FALSE,FALSE,FALSE,FALSE,FALSE,FALSE
FALSE,FALSE,FALSE,FALSE,FALSE,FALSE,FALSE,FALSE,FALSE
FALSE,FALSE,FALSE,FALSE,FALSE,FALSE,FALSE,FALSE,FALSE
FALSE,FALSE,FALSE,FALSE,FALSE,FALSE,FALSE,FALSE,FALSE
"Fri, 20 Oct 2023 11:13:32 GMT","Apache/2.2.22 (Debian)","PHP/5.4.45-0+deb7u13","OJSSID=os85lvgvelp47o2lo7gk5vm3u7; path=/; domain=erevistas.saber.ula.ve","no-store","Accept-Encoding","text/html; charset=utf-8","200","OK"
"Fri, 20 Oct 2023 12:30:54 GMT","Apache/2.2.22 (Debian)","PHP/5.4.45-0+deb7u13","OJSSID=e79dtemhgdt209t1bkb1jpfou6; path=/; domain=erevistas.saber.ula.ve","no-store","Accept-Encoding","text/html; charset=utf-8","200","OK"
"Fri, 20 Oct 2023 13:19:50 GMT","Apache/2.2.22 (Debian)","PHP/5.4.45-0+deb7u13","OJSSID=4e7neen76p2mh1dhos9e72hfb5; path=/; domain=erevistas.saber.ula.ve","no-store","Accept-Encoding","text/html; charset=utf-8","200","OK"
"Fri, 20 Oct 2023 14:15:12 GMT","Apache/2.2.22 (Debian)","PHP/5.4.45-0+deb7u13","OJSSID=vndtoqe46r2gdup43bbrlekn14; path=/; domain=erevistas.saber.ula.ve","no-store","Accept-Encoding","text/html; charset=utf-8","200","OK"
"Fri, 20 Oct 2023 15:16:12 GMT","Apache/2.2.22 (Debian)","PHP/5.4.45-0+deb7u13","OJSSID=ph0o3ta1fidpposbhd0vgnucg3; path=/; domain=erevistas.saber.ula.ve","no-store","Accept-Encoding","text/html; charset=utf-8","200","OK"
"Fri, 20 Oct 2023 16:20:47 GMT","Apache/2.2.22 (Debian)","PHP/5.4.45-0+deb7u13","OJSSID=6ambobg2ognetlc9ifqo59oue5; path=/; domain=erevistas.saber.ula.ve","no-store","Accept-Encoding","text/html; charset=utf-8","200","OK"
"Fri, 20 Oct 2023 17:13:30 GMT","Apache/2.2.22 (Debian)","PHP/5.4.45-0+deb7u13","OJSSID=hk6ko1ue1ltti24k63lmkrbud1; path=/; domain=erevistas.saber.ula.ve","no-store","Accept-Encoding","text/html; charset=utf-8","200","OK"
"Fri, 20 Oct 2023 18:20:01 GMT","Apache/2.2.22 (Debian)","PHP/5.4.45-0+deb7u13","OJSSID=av6vp8agmbmbn16u8go0cln9o6; path=/; domain=erevistas.saber.ula.ve","no-store","Accept-Encoding","text/html; charset=utf-8","200","OK"
FALSE,FALSE,FALSE,FALSE,FALSE,FALSE,FALSE,FALSE,FALSE
FALSE,FALSE,FALSE,FALSE,FALSE,FALSE,FALSE,FALSE,FALSE
FALSE,FALSE,FALSE,FALSE,FALSE,FALSE,FALSE,FALSE,FALSE
"Fri, 20 Oct 2023 22:16:14 GMT","Apache/2.2.22 (Debian)","PHP/5.4.45-0+deb7u13","OJSSID=dc2dch7ah0ch42d5nbbkd233g4; path=/; domain=erevistas.saber.ula.ve","no-store","Accept-Encoding","text/html; charset=utf-8","200","OK"
"Fri, 20 Oct 2023 23:15:48 GMT","Apache/2.2.22 (Debian)","PHP/5.4.45-0+deb7u13","OJSSID=l34dqdtgj81dtd4gacn4il2i45; path=/; domain=erevistas.saber.ula.ve","no-store","Accept-Encoding","text/html; charset=utf-8","200","OK"
"Sat, 21 Oct 2023 01:06:31 GMT","Apache/2.2.22 (Debian)","PHP/5.4.45-0+deb7u13","OJSSID=bisj56c4eqf23547rgq7sib916; path=/; domain=erevistas.saber.ula.ve","no-store","Accept-Encoding","text/html; charset=utf-8","200","OK"
"Sat, 21 Oct 2023 02:20:12 GMT","Apache/2.2.22 (Debian)","PHP/5.4.45-0+deb7u13","OJSSID=rg5al9n8ai22ejnd7saovqbjk0; path=/; domain=erevistas.saber.ula.ve","no-store","Accept-Encoding","text/html; charset=utf-8","200","OK"
"Sat, 21 Oct 2023 03:15:46 GMT","Apache/2.2.22 (Debian)","PHP/5.4.45-0+deb7u13","OJSSID=fnaqrt1uclro5uadcivoheck20; path=/; domain=erevistas.saber.ula.ve","no-store","Accept-Encoding","text/html; charset=utf-8","200","OK"
"Sat, 21 Oct 2023 04:19:03 GMT","Apache/2.2.22 (Debian)","PHP/5.4.45-0+deb7u13","OJSSID=ui68ehutoufd2avj4qcau9mik0; path=/; domain=erevistas.saber.ula.ve","no-store","Accept-Encoding","text/html; charset=utf-8","200","OK"
"Sat, 21 Oct 2023 05:14:52 GMT","Apache/2.2.22 (Debian)","PHP/5.4.45-0+deb7u13","OJSSID=jba87ko59fe8qmdfoq3nchkih6; path=/; domain=erevistas.saber.ula.ve","no-store","Accept-Encoding","text/html; charset=utf-8","200","OK"
"Sat, 21 Oct 2023 06:19:57 GMT","Apache/2.2.22 (Debian)","PHP/5.4.45-0+deb7u13","OJSSID=bb7171vbhiqosfnbrv1pkdtu01; path=/; domain=erevistas.saber.ula.ve","no-store","Accept-Encoding","text/html; charset=utf-8","200","OK"
FALSE,FALSE,FALSE,FALSE,FALSE,FALSE,FALSE,FALSE,FALSE
"Sat, 21 Oct 2023 08:18:53 GMT","Apache/2.2.22 (Debian)","PHP/5.4.45-0+deb7u13","OJSSID=f19t64mj54a8s8dj7booli40l0; path=/; domain=erevistas.saber.ula.ve","no-store","Accept-Encoding","text/html; charset=utf-8","200","OK"
"Sat, 21 Oct 2023 09:14:28 GMT","Apache/2.2.22 (Debian)","PHP/5.4.45-0+deb7u13","OJSSID=ft34cuicth8io0d5qiul8fqfp5; path=/; domain=erevistas.saber.ula.ve","no-store","Accept-Encoding","text/html; charset=utf-8","200","OK"
"Sat, 21 Oct 2023 10:16:12 GMT","Apache/2.2.22 (Debian)","PHP/5.4.45-0+deb7u13","OJSSID=u4l6t397rsfl95eniqul0ifjd3; path=/; domain=erevistas.saber.ula.ve","no-store","Accept-Encoding","text/html; charset=utf-8","200","OK"
"Sat, 21 Oct 2023 11:12:34 GMT","Apache/2.2.22 (Debian)","PHP/5.4.45-0+deb7u13","OJSSID=9h0s5dlcvuqi5aeqdg6e2ocat1; path=/; domain=erevistas.saber.ula.ve","no-store","Accept-Encoding","text/html; charset=utf-8","200","OK"
"Sat, 21 Oct 2023 12:28:39 GMT","Apache/2.2.22 (Debian)","PHP/5.4.45-0+deb7u13","OJSSID=al46n00lig2n6eg4ka73f7tbc2; path=/; domain=erevistas.saber.ula.ve","no-store","Accept-Encoding","text/html; charset=utf-8","200","OK"
"Sat, 21 Oct 2023 13:16:55 GMT","Apache/2.2.22 (Debian)","PHP/5.4.45-0+deb7u13","OJSSID=r7mpes2qf8ijiqp42dfh6cd5t5; path=/; domain=erevistas.saber.ula.ve","no-store","Accept-Encoding","text/html; charset=utf-8","200","OK"
"Sat, 21 Oct 2023 14:13:37 GMT","Apache/2.2.22 (Debian)","PHP/5.4.45-0+deb7u13","OJSSID=ia7t2t7tjj95dv7f8rf0kv1dl4; path=/; domain=erevistas.saber.ula.ve","no-store","Accept-Encoding","text/html; charset=utf-8","200","OK"
"Sat, 21 Oct 2023 15:14:49 GMT","Apache/2.2.22 (Debian)","PHP/5.4.45-0+deb7u13","OJSSID=jhsf27anbu54ackanppu0b5f61; path=/; domain=erevistas.saber.ula.ve","no-store","Accept-Encoding","text/html; charset=utf-8","200","OK"
"Sat, 21 Oct 2023 16:19:50 GMT","Apache/2.2.22 (Debian)","PHP/5.4.45-0+deb7u13","OJSSID=6g4vitef19sjl0pltdqbstd5c1; path=/; domain=erevistas.saber.ula.ve","no-store","Accept-Encoding","text/html; charset=utf-8","200","OK"
FALSE,FALSE,FALSE,FALSE,FALSE,FALSE,FALSE,FALSE,FALSE
